name,neighborhood,borough,website,menu_url,notes,source
Due West,West Village,Manhattan,http://www.duewestnyc.com/,https://www.duewestnyc.com/menus/,Neighborhood bistro beef burger,pilot-100
Boucherie West Village,West Village,Manhattan,https://www.boucherieus.com/,,French steakhouse cheeseburger special,pilot-100
Skinny Louie West Village,West Village,Manhattan,https://www.skinnylouie.com/louiespot/westvillage,https://www.trycaviar.com/store/skinny-louie-new-york-40478391/,Smash-style Florida burger outpost,pilot-100
Emmett's on Grove,West Village,Manhattan,https://www.emmettsongrove.com/,https://www.emmettsongrove.com/menus/,Tavern beef burger on Grove,pilot-100
The Warren,West Village,Manhattan,http://thewarrennyc.com/,,"Pub beef burger, cozy spot",pilot-100
Westville Hudson,West Village,Manhattan,https://westville.com/,https://westville.com/wp-content/uploads/2024/09/DinnerMenu-4.17.24-FINAL.pdf,All-day American beef burger,pilot-100
Bus Stop Cafe,West Village,Manhattan,https://www.busstopcafe-nyc.com/,https://www.busstopcafe-nyc.com/eat,Diner-style West Village burger,pilot-100
Waverly Diner,West Village,Manhattan,unknown,https://postmates.com/store/waverly-diner/1DBNhFSdQQ6Pon1y0MGyiQ,Classic diner beef burger,pilot-100
Five Guys,West Village,Manhattan,https://restaurants.fiveguys.com/296-bleecker-st,,Chain customizable beef burger,pilot-100
St Tropez West Village,West Village,Manhattan,https://sttropezwinebar.com,https://st-tropez-west-village.popmenu.com/files/st-tropez-dinner-menu-2026-pdf.pdf,Wine bar beef burger,pilot-100
The Golden Swan,West Village,Manhattan,http://www.tgsnyc.com/,,Tavern dry-aged beef burger,pilot-100
Burgerhead,West Village,Manhattan,https://www.burgerhead.com/,,West Village burger bar specialist,pilot-100
Barrow Street Ale House,West Village,Manhattan,unknown,https://menupages.com/barrow-street-ale-house/15-barrow-st-new-york,Ale house pub burger,pilot-100
Hudson Hound,West Village,Manhattan,unknown,https://menucollectors.com/hudson-hound-10014-menu/,Irish bar beef burger,pilot-100
Shake Shack West Village,West Village,Manhattan,https://shakeshack.com/location/west-village-ny,https://postmates.com/store/shake-shack-west-village/yRfk0I6-Sdey3bUvG-IRTQ,Chain smash ShackBurger classic,pilot-100
The Lavaux,West Village,Manhattan,http://www.thelavauxwinebar.com/?y_source=1_MTAwMTM3MTUyOC03MTUtbG9jYXRpb24ud2Vic2l0ZQ%3D%3D,,Wine bar beef burger,pilot-100
Cafe Cluny,West Village,Manhattan,http://www.cafecluny.com/,https://www.cafecluny.com/cafe-cluny-menu/,Neighborhood cafe beef burger,pilot-100
Jeffrey's Grocery,West Village,Manhattan,https://www.jeffreysgrocery.com/,https://www.jeffreysgrocery.com/menu/lunch-1/,"Market cafe burger, lunch favorite",pilot-100
The Spaniard,West Village,Manhattan,https://www.thespaniardnyc.com/,,Irish pub beef burger,pilot-100
White Horse Tavern,West Village,Manhattan,https://www.whitehorsetavern1880.com/,https://postmates.com/store/white-horse-tavern/rCCuGsCUQDeEGqmUiSz21Q,Historic tavern burger classic,pilot-100
Fiddlesticks Pub,West Village,Manhattan,unknown,https://menupages.com/fiddlesticks/54-greenwich-ave-new-york,Irish pub beef burger,pilot-100
Tavern on Jane,West Village,Manhattan,https://tavernonjane.com/,,Jane Street tavern burger,pilot-100
Hudson Clearwater,West Village,Manhattan,http://hudsonclearwater.com,http://hudsonclearwater.com/menus/brunch%20takeout.pdf,Farm-to-table beef burger,pilot-100
Wilfie & Nell,West Village,Manhattan,https://www.wilfieandnell.com,https://www.wilfieandnell.com/menu/dinner/,Irish gastropub beef burger,pilot-100
Smashed NYC West Village,West Village,Manhattan,http://www.smashednyc.com/,https://www.smashednyc.com/menu,Smash burger specialist spot,pilot-100
Fat Ronnie's Burger Bar NYC,West Village,Manhattan,https://fatronniesburgerbar.com/fatronniesburgerbarnyc-79l99x,,"Burger bar, late-night favorite",pilot-100
Burgers & Beer,West Village,Manhattan,https://burgersandbeernyc.com/,,Casual burgers and beer,pilot-100
Houston Hall,West Village,Manhattan,https://www.houstonhallny.com/,https://www.houstonhallny.com/menu/food-menu/,"Beer hall burger, Houston Street",pilot-100
Lume West Village,West Village,Manhattan,https://lumewestvillage.com/,https://lumewestvillage.com/s/Lume-West-Village-Dinner-Menu.pdf,Italian eatery beef burger,pilot-100
Smacking Burger,West Village,Manhattan,http://smackingburger.com/,https://www.doordash.com/store/smacking-burger-new-york-27978122/,Smash burger takeout specialist,pilot-100
The Noortwyck,West Village,Manhattan,http://www.thenoortwyck.com/,https://images.getbento.com/accounts/cadb1656ea10f187a24422843b7cf02b/media/k6CbxrOLQ6abgwjgFc2g_The%20Noortwyck%20Restaurant%20Week%20Summer%202026.pdf,"Dry-aged cheeseburger, Bleecker Street",pilot-100
Little Ruby's West Village,West Village,Manhattan,https://www.rubyscafe.com/location/west-village/,https://cititour.com/NYC_News/Little-Rubys-Cafe-is-a-Ray-of-Sunshine-in-the-West-Village/7754/print,Classic beef Bronte burger,pilot-100
The Standard Grill,West Village,Manhattan,https://www.thestandardgrill.com/the-standard-grill-new-york,,"Standard Burger, Meatpacking staple",pilot-100
Pastis,West Village,Manhattan,https://pastisnyc.com/,https://order.online/store/706319?slug=pastis-315375&pickup=true&hideModal=true&redirected=true,Smashed double cheeseburger favorite,pilot-100
The Happiest Hour,West Village,Manhattan,http://happiesthournyc.com/,,Happiest Burger smash classic,pilot-100
4 Charles Prime Rib,West Village,Manhattan,https://nycprimerib.com/,,"Double Wagyu cheeseburger, Charles Street",pilot-100
Jack & Charlie's No. 118,West Village,Manhattan,http://www.jackandcharlies118.com/,https://menucollectors.com/jack-charlies-no-118-10011-menu/,Prime-beef bacon cheeseburger,pilot-100
The Mary Lane,West Village,Manhattan,https://www.themarylanenyc.com/,https://www.themarylanenyc.com/menu/brunch/,"Angus burger, brunch and happy-hour",pilot-100
Bar Six,West Village,Manhattan,https://www.barsixnyc.com/,https://menupages.com/bar-six/502-6th-ave-new-york,Sixth Avenue cheeseburger pub,pilot-100
Employees Only,West Village,Manhattan,http://www.employeesonlynyc.com/,https://www.restaurantji.com/ny/new-york/employees-only-/,"Dry-aged beef burger, speakeasy bar",pilot-100
Bayard's Ale House,West Village,Manhattan,https://bayardsalehouse.com/,https://www.allmenus.com/ny/new-york/351920-bayards-ale-house/amp/,Charcoal-grilled beef burgers,pilot-100
Petite Boucherie,West Village,Manhattan,unknown,https://menurestaurants.net/pdf/61a2783fa826ba10bfa7320cd490cc0e.pdf,"Boucherie Burger, French bistro",pilot-100
Corner Bistro,West Village,Manhattan,http://www.cornerbistrony.com/,https://www.trycaviar.com/store/corner-bistro-new-york-23083522/,Broiled Bistro Burger classic,pilot-100
RH Rooftop Restaurant,West Village,Manhattan,http://www.rh.com/newyork/restaurant,,"Rooftop RH burger, Ninth Avenue",pilot-100
Palma,West Village,Manhattan,https://www.palmanyc.com/,,"Italian burger, Cornelia Street",pilot-100
Serafina Meatpacking,West Village,Manhattan,unknown,,Meatpacking Italian beef burger,pilot-100
Art Bar,West Village,Manhattan,unknown,,8th Avenue bar burger,pilot-100
Sip & Guzzle,West Village,Manhattan,http://www.sipandguzzlenyc.com/,,"A5 Wagyu Tavern Burger, izakaya",pilot-100
Suprema Provisions,West Village,Manhattan,https://www.supremanyc.com/,https://www.supremanyc.com/menus/,Short-rib brisket Suprema Burger,pilot-100
Le B,West Village,Manhattan,https://lebnyc.com/,,Dry-aged Angus Le Burger,pilot-100
Chez Margaux,West Village,Manhattan,https://www.chez-margaux.com/,,Members-only Jean-Georges burger,pilot-100
L'Artusi,West Village,Manhattan,https://www.lartusi.com/,http://lartusi.com/menu/,"Signature L'burger, Italian hotspot",pilot-100
Joseph Leonard,West Village,Manhattan,http://www.josephleonard.com/,,"English muffin burger, neighborhood bistro",pilot-100
La Bonbonniere,West Village,Manhattan,unknown,https://labonbonniere.netwaiter.com/,"Old-school beefburger, cash-only diner",pilot-100
The Little Owl,West Village,Manhattan,https://www.thelittleowlnyc.com/,https://thelittleowl.netwaiter.com/new-york/menu/,Pat LaFrieda bacon cheeseburger,pilot-100
The Waverly Inn,West Village,Manhattan,http://www.waverlynyc.com/,https://cititour.com/NYC_Restaurants/The-Waverly-Inn/1178/menu,Historic Bank Street classic burger,pilot-100
Bell Book & Candle,West Village,Manhattan,http://bbandcnyc.com/,https://menupages.com/bell-book-candle/141-w-10th-st-new-york,Rooftop patty-melt BBC Burger,pilot-100
Rosemary's,West Village,Manhattan,https://www.rosemarysnyc.com/location/rosemarys-west-village/,https://menupages.com/rosemarys-enoteca-trattoria/18-greenwich-avenue-new-york,"Dry-aged burger, rooftop Italian spot",pilot-100
Jack's Wife Freda,West Village,Manhattan,http://www.jackswifefreda.com/,https://jackswifefreda.com/menu/,"Short-rib Jack's Burger, Mediterranean",pilot-100
Cowgirl,West Village,Manhattan,http://www.cowgirlnyc.com/,https://www.cowgirlnyc.com/menus,Southern Tex-Mex half-pounder burger,pilot-100
7th Street Burger,East Village,Manhattan,https://7thstreetburger.com/,,"Smashburger joint, multiple locations",pilot-100
Paul's Da Burger Joint,East Village,Manhattan,http://paulsburgersnyc.com/,,Classic corner burger shop,pilot-100
Whitmans,East Village,Manhattan,https://whitmansnyc.com/,,Juicy Lucy specialist,pilot-100
Royale,East Village,Manhattan,http://royalebarnyc.com/,https://cititour.com/NYC_Restaurants/Royale/2781/menu,Neighborhood bar with burgers,pilot-100
Nowon,East Village,Manhattan,https://www.nowonusa.com/,,"Korean-American, legendary cheeseburger",pilot-100
Brindle Room,East Village,Manhattan,https://brindleroomny.com/,,"Dry-aged burger, cozy bistro",pilot-100
The Smith,East Village,Manhattan,https://thesmithrestaurant.com/location/east-village/,,"American brasserie, burger menu",pilot-100
Gotham Burger Social Club,Lower East Side,Manhattan,http://gbsc.nyc/,,Smash burger specialist,pilot-100
Cervo's,Lower East Side,Manhattan,http://cervosnyc.com/,,"Iberian spot, lamb burger (not beef)",pilot-100
The Flower Shop,Lower East Side,Manhattan,http://theflowershopnyc.com/,,"Retro bar, dry-aged burgers",pilot-100
Dudley's,Lower East Side,Manhattan,https://www.dudleysnyc.com/,,"Australian pub, Bronte burger",pilot-100
Raoul's,SoHo,Manhattan,http://raouls.com/,,"Burger au poivre, bar menu",pilot-100
SoHo Park,SoHo,Manhattan,http://www.sohoparknyc.com,,"Beer garden, Park burger",pilot-100
Cafe Habana,SoHo,Manhattan,https://www.cafehabana.com/,https://www.cafehabana.com/menu/cafe-habana-nyc/,"Cuban-Mexican, cheeseburger served",pilot-100
Fanelli Cafe,SoHo,Manhattan,https://fanellicafe.nyc/,,"Historic pub, bison burger",pilot-100
Cafe Chelsea,Chelsea,Manhattan,https://www.cafechelseanyc.com,,Dry-aged beef burger,pilot-100
Cookshop,Chelsea,Manhattan,https://www.cookshopny.com/,,"Seasonal American, burger offered",pilot-100
Trailer Park Lounge,Chelsea,Manhattan,http://trailerparklounge.com/,,"Kitschy grill, multiple burgers",pilot-100
Peter McManus Cafe,Chelsea,Manhattan,http://www.mcmanus.nyc/,,"Irish pub, famous cheeseburger",pilot-100
Minetta Tavern,Greenwich Village,Manhattan,https://www.minettatavernny.com/,https://wnam-cdn.menuweb.menu/storage/media/companies_menu_pdf/114779189/minetta-tavern-broad-channel-menu.pdf,Black Label burger,pilot-100
Dante,Greenwich Village,Manhattan,https://dante-nyc.com,,"Italian bar, signature burger",pilot-100
Lord's,Greenwich Village,Manhattan,http://lordsenglish.com/,,"British pub, rarebit burger",pilot-100
Keens,Midtown,Manhattan,https://keens.com/,,"Steakhouse pub, burger served",pilot-100
Burger Joint,Midtown,Manhattan,https://www.burgerjointny.com/,,Hidden hotel burger counter,pilot-100
P.J. Clarke's,Midtown,Manhattan,https://pjclarkes.com,,"Classic saloon, Cadillac burger",pilot-100
Peter Luger Steak House,Williamsburg,Brooklyn,https://peterluger.com/,,Legendary lunch-only steakhouse burger,pilot-100
Diner,Williamsburg,Brooklyn,https://www.dinernyc.com/,,Grass-fed burger in dining car,pilot-100
The Commodore,Williamsburg,Brooklyn,https://www.thecommodorebrooklyn.com/,https://www.thecommodorebrooklyn.com/s/menus_for_web_3_22_DINNER.pdf,Southern pub classic hamburger,pilot-100
Dram Shop,Park Slope,Brooklyn,https://dramshopbrooklyn.com,https://dramshopbrooklyn.com/menu,Gastropub with multiple beef burgers,pilot-100
Fulton Burger,Park Slope,Brooklyn,https://fultonburger.com/brooklyn,,Local counter-service burger joint,pilot-100
Walter's,Fort Greene,Brooklyn,https://www.waltersbrooklyn.com,https://www.waltersbrooklyn.com/menu/lunch/,Classic pub Walter's Burger,pilot-100
The Great Georgiana,Fort Greene,Brooklyn,http://www.thegreatgeorgiana.com/,,Classic burger at local pub,pilot-100
Clover Club,Carroll Gardens,Brooklyn,http://cloverclubny.com/,,Cocktail bar prime beef burger,pilot-100
The Long Island Bar,Cobble Hill,Brooklyn,http://thelongislandbar.com/,,Famed double-patty LI burger,pilot-100
Emily,Clinton Hill,Brooklyn,https://www.pizzalovesemily.com/location/brooklyn/,,Emmy Burger pizza restaurant,pilot-100
James,Prospect Heights,Brooklyn,https://www.jamesrestaurantny.com/,,Upscale grass-fed Angus burger,pilot-100
Roberta's,Bushwick,Brooklyn,https://www.robertaspizza.com/,https://cdn.prod.website-files.com/696159b904660542e3efba81/6a7f524efec40c50edce593e_Bushwick%20Dinner%208_14_26.pdf,"Pizzeria cheeseburger, open daily",pilot-100
Red Hook Tavern,Red Hook,Brooklyn,http://www.redhooktavern.com/,,Dry-aged burger landmark,pilot-100
Soho Diner,SoHo,Manhattan,,,Diner; Soho Impossible Burger,downtown
Little Prince,SoHo,Manhattan,,,French bistro with famous burger,downtown
Black Tap,SoHo,Manhattan,https://blacktap.com/location/soho/,,Craft burger joint and shakes,downtown
Bronson's Burgers,SoHo,Manhattan,,,Smash-burger spot; thick butter-toasted buns,downtown
Hamburger America (SoHo),SoHo,Manhattan,,,Smash-burger counter,downtown
Balthazar,SoHo,Manhattan,,,French brasserie; Balthazar Burger,downtown
Broome Street Bar,SoHo,Manhattan,,,Bar and restaurant with burgers,downtown
The Mercer Kitchen,SoHo,Manhattan,,,Jean-Georges hotel restaurant; Mercer Burger,downtown
Au Cheval,Tribeca,Manhattan,,,Burger-focused Chicago import,downtown
Black Burger,Tribeca,Manhattan,https://blackburger.co/,,Late-night smash burgers; 386 Canal,downtown
Burger Village,Tribeca,Manhattan,https://www.burgervillage.com/,,Organic grass-fed burger joint; 120 Church St,downtown
The Odeon,Tribeca,Manhattan,,,French-American bistro with burger,downtown
Walker's,Tribeca,Manhattan,http://walkersbarnyc.com/,,Historic tavern; 8oz sirloin burger,downtown
Square Diner,Tribeca,Manhattan,,,Classic diner; 33 Leonard St,downtown
Serafina,Tribeca,Manhattan,,,Italian restaurant; filet mignon burger,downtown
Greenwich Street Tavern,Tribeca,Manhattan,,,Tavern burger,downtown
Frenchette,Tribeca,Manhattan,,,French bistro; steakhouse-style menu,downtown
Bill's Bar & Burger Downtown,Financial District,Manhattan,,,Burger chain; FiDi and Battery Park City,downtown
77 Burger,Financial District,Manhattan,,,Burger joint,downtown
The Malt House,Financial District,Manhattan,,,Pub with burgers,downtown
Underdog,Financial District,Manhattan,,,Bar with burgers,downtown
O'Hara's Restaurant and Pub,Financial District,Manhattan,,,Irish pub with burgers,downtown
Clinton Hall,Financial District,Manhattan,,,Beer hall with burgers,downtown
Burger By Day,Lower East Side,Manhattan,,,Burger spot at 242 Grand St,downtown
Brooklyn Beef N' Cheese,Financial District,Manhattan,,,Burger spot,downtown
London & Martin Co.,Financial District,Manhattan,,,Gastropub; wagyu burgers,downtown
Manhatta,Financial District,Manhattan,,,Upscale American; burger on menu,downtown
The Wall Street Hotel,Financial District,Manhattan,,,Hotel restaurant; burger on menu,downtown
Delmonico's,Financial District,Manhattan,,,Classic steakhouse; burger at bar,downtown
Broadstone Bar & Kitchen,Financial District,Manhattan,,,Bar and kitchen; burgers,downtown
Cobble & Co.,Financial District,Manhattan,,,Burger spot with milkshakes; Seaport,downtown
ZAZA,Financial District,Manhattan,,,Modern diner with burgers,downtown
Fraunces Tavern,Financial District,Manhattan,,,Historic tavern; Sam's Tavern Burger (verified on menu),downtown
The Chelsea Bell,Chelsea,Manhattan,,,Bar and grill; Chelsea Burger,downtown
Chelsea Square Restaurant,Chelsea,Manhattan,https://www.chelseasquarediner.com/,,24-hour diner; broiled jumbo beefburger,downtown
Coppelia,Chelsea,Manhattan,http://www.coppelianyc.com,,24-hour Cuban diner; Hamburguesa,downtown
Cafeteria,Chelsea,Manhattan,,,Comfort-food bar and grill,downtown
Dallas BBQ,Chelsea,Manhattan,,,Barbecue restaurant with burgers,downtown
Burger & Lobster,Midtown,Manhattan,,,Burger-and-lobster restaurant at 132 W 43rd St (Bryant Park),downtown
Frying Pan,West Chelsea,Manhattan,,,Floating bar at Chelsea Piers; bar food and burgers,downtown
Wildflower,Chelsea,Manhattan,,,Cocktail bar; smash burgers,downtown
Twist Bar,Chelsea,Manhattan,,,Cocktail bar serving burgers,downtown
O'Toole's Way,Chelsea,Manhattan,,,Irish restaurant with burgers,downtown
Empire Diner,Chelsea,Manhattan,,,Iconic American diner near High Line,downtown
The Chelsea Pub,Chelsea,Manhattan,http://chelseapubnyc.com,,Pub fare; sliders and burgers,downtown
Black Iron Burger,Midtown,Manhattan,,,Burger joint at 245 W 38th St; voted one of NYC's best,downtown
Emmy Squared Pizza East Village,East Village,Manhattan,,,Pizza spot with acclaimed burger,downtown
The Lion's Bar & Grill,East Village,Manhattan,https://www.thelionsbar.com/,,Bar and grill; dry-aged cheeseburger,downtown
Virginia's,East Village,Manhattan,,,Neighborhood restaurant with burgers,downtown
Black Market,East Village,Manhattan,,,Burger and bar,downtown
The Grafton,East Village,Manhattan,http://www.thegraftonnyc.com/,,Irish sports pub with burger,downtown
St. Mark's Burgers & Dogs,East Village,Manhattan,,,Counter joint for burgers and dogs,downtown
Burgers on B,East Village,Manhattan,,,Burger counter,downtown
Grillify-NYC,East Village,Manhattan,,,Halal grill; smash burgers,downtown
Populares,East Village,Manhattan,,,EV burger counter,downtown
The Hairy Lemon,East Village,Manhattan,,,Irish pub; burger menu,downtown
Sunday Dreamin,East Village,Manhattan,,,Burger counter,downtown
8-Bit Bites,East Village,Manhattan,,,Arcade bar with burgers,downtown
Crispy Burger,East Village,Manhattan,https://1588burger.com/,,Chicken and burger spot,downtown
Tallgrass Burger,East Village,Manhattan,,,Burger counter,downtown
Chick-N-Smash,East Village,Manhattan,,,Chicken spot; smash burgers,downtown
Superiority Burger,East Village,Manhattan,,,Vegetarian burger counter,downtown
McDonald's (East Village),East Village,Manhattan,,,Fast-food chain,downtown
Mary O's Irish Pub,East Village,Manhattan,,,Irish pub with burger,downtown
Bowery Meat Company,East Village,Manhattan,,,Steakhouse; burger on menu,downtown
The Wren,East Village,Manhattan,,,Irish pub with kitchen; burger,downtown
The Winslow,East Village,Manhattan,https://thewinslownyc.com/,,Gin house and eatery; Winslow burger,downtown
Croxley Ale House,East Village,Manhattan,http://www.croxley.com/,,Ale house; burger menu,downtown
Poco,East Village,Manhattan,,,Restaurant; beef sliders,downtown
Idle Hands,East Village,Manhattan,http://idlehandsbar.com,,Bourbon bar; burger menu,downtown
Professor Thom's,East Village,Manhattan,http://www.professorthoms.com/,,Sports bar; Go Blue burger,downtown
Destination Bar & Grille,East Village,Manhattan,http://destinationbarnyc.com,,Bar and grill; sliders,downtown
Hearty & Healthy,East Village,Manhattan,https://heartyandhealthynyc.com/,,Healthy comfort spot; Wuddaburger,downtown
St Dymphna's,East Village,Manhattan,,,Irish pub with pub food,downtown
Veselka,East Village,Manhattan,,,Ukrainian diner; char-broiled burgers (verified on menu),downtown
Blue Road Burger,Lower East Side,Manhattan,https://blueroadnyc.com/,,Burger joint,downtown
Holy Burger,Lower East Side,Manhattan,https://order.toasttab.com/online/holy-cow-lower-east-side-34-canal-st,,Halal burger spot at 34 Canal St (the brand's original shop),downtown
The Mayfly,Lower East Side,Manhattan,,,New American; burger on menu,downtown
Bar Revival,Lower East Side,Manhattan,,,Cocktail bar with food; burger,downtown
Balvanera,Lower East Side,Manhattan,,,Argentine spot with burger,downtown
Flyfish Club,Lower East Side,Manhattan,,,Restaurant; burger menu,downtown
Casa 13urger,Lower East Side,Manhattan,,,Burger counter,downtown
Sonnyboy,Lower East Side,Manhattan,,,Restaurant with burger,downtown
Dirty French,Lower East Side,Manhattan,,,French restaurant; Burger Maison,downtown
El Castillo de Jagua,Lower East Side,Manhattan,,,Dominican diner with burger,downtown
Zaab Burger,Lower East Side,Manhattan,https://zaabzaabnyc.com,,Thai-inspired burger counter,downtown
Katz's Delicatessen,Lower East Side,Manhattan,,,Deli; burgers on grill menu (verified),downtown
The Nines,NoHo,Manhattan,http://ninesnyc.com/,,Cocktail bar; burger on menu,downtown
Raf's,NoHo,Manhattan,http://rafsnewyork.com/,,Italian spot; dry-aged burger,downtown
Great Jones Distilling Co.,NoHo,Manhattan,http://www.greatjonesdistillingco.com/,,Distillery restaurant; The Burger,downtown
Sláinte Bar and Lounge,NoHo,Manhattan,,,Irish pub with burger menu,downtown
El Sazón R.D.,Chinatown,Manhattan,,,Dominican spot with burger,downtown
Spring Cafe,Chinatown,Manhattan,,,"Vegan cafe at 153 Centre St; plant-based burgers only (Beyond, tofu, mushroom)",downtown
K.O. Burger,Chinatown,Manhattan,,,Burger counter,downtown
McDonald's (Chinatown),Chinatown,Manhattan,,,Fast-food chain; Canal Street,downtown
Emily,West Village,Manhattan,,,Pizza restaurant; Emmy Burger (West Village location),downtown
Fairfax,West Village,Manhattan,,,Cafe/wine bar; well-known burger,downtown
Wild Cherry,West Village,Manhattan,https://www.wildcherrynyc.com/,,Supper club; signature cheeseburger,downtown
Crevette,West Village,Manhattan,,,French restaurant; limited smash burger,downtown
The Surf Lodge,West Village,Manhattan,,,American restaurant/bar,downtown
The Bedford,Financial District,Manhattan,,,Gastropub at 55 Stone St (Manhattan outpost of the Williamsburg original); Bedford Plank Burger,downtown
Bandits Burger + Dive,West Village,Manhattan,https://www.banditsnyc.com/,,Burger joint and cocktail bar,downtown
The Loyal,West Village,Manhattan,,,Brasserie,downtown
Stash Burger,Greenwich Village,Manhattan,https://stashburgers.com/,,Smashburger joint,downtown
Butter Smashburgers,Greenwich Village,Manhattan,,,Burger joint on MacDougal,downtown
Wicked Willy's,Greenwich Village,Manhattan,,,Bar with specialty burgers,downtown
Kettle of Fish,Greenwich Village,Manhattan,,,Sports bar with food,downtown
The Half Pint,Greenwich Village,Manhattan,https://thehalfpint.com/,,Gastropub; Angry Burger,downtown
Off the Wagon,Greenwich Village,Manhattan,,,Sports bar with food,downtown
Amity Hall,Greenwich Village,Manhattan,,,Beer hall with food,downtown
Blind Tiger Ale House,Greenwich Village,Manhattan,,,Craft-beer pub with food,downtown
GMT Tavern,Greenwich Village,Manhattan,http://www.gmtnyc.com/,,British gastropub; Meantime burger,downtown
Pubkey,Greenwich Village,Manhattan,http://pubkey.bar/,,Gastropub; smashburgers,downtown
Cecchi's,Greenwich Village,Manhattan,https://cecchis.nyc/,,American bar and grill; Cecchi's Burger,downtown
The Red Lion,Greenwich Village,Manhattan,http://redlionnyc.com/,,Pub; Red Lion Burger,downtown
Da Andrea,Greenwich Village,Manhattan,,,Italian restaurant; burgers per reviews,downtown
Society Cafe,Greenwich Village,Manhattan,,,Hotel restaurant (Walker Hotel); brisket burger,downtown
Pop's of Brooklyn,Greenwich Village,Manhattan,,,Burger joint,downtown
Peculier Pub,Greenwich Village,Manhattan,http://www.peculierpub.com/,,Pub; Ultimate Burger,downtown
Garage Restaurant and Cafe,Greenwich Village,Manhattan,http://garagejazz.com/,,Casual American restaurant; burgers on menu,downtown
Knickerbocker Bar & Grill,Greenwich Village,Manhattan,,,American bar and grill,downtown
Jekyll & Hyde,Greenwich Village,Manhattan,,,American pub/restaurant,downtown
Caroll Place,Greenwich Village,Manhattan,,,Wine bar and gastropub,downtown
Old Homestead Steakhouse,Meatpacking District,Manhattan,https://www.theoldhomesteadsteakhouse.com/,,Steakhouse; multiple burgers,downtown
Rory's Rooftop,Meatpacking District,Manhattan,http://rorysrooftop.com/,,American rooftop bar; smash/Rodeo burger,downtown
Sirrah,Meatpacking District,Manhattan,https://sirrahny.com/,,Modern French steakhouse; Sirrah Burger,downtown
STK Meatpacking,Meatpacking District,Manhattan,,,Steakhouse at 412 W 15th St (moved there from Little W 12th St); Wagyu burger,downtown
BFB Highline,Meatpacking District,Manhattan,,,Burger spot,downtown
Gansevoort Rooftop,Meatpacking District,Manhattan,https://www.gansevoorthotelgroup.com/gansevoort-meatpacking-nyc/eat-drink/gansevoort-rooftop,,Hotel rooftop; House Burger,downtown
Brass Monkey,Meatpacking District,Manhattan,,,Bar; Char Grilled Beef Burger,downtown
The Chester,Meatpacking District,Manhattan,,,American bistro at Gansevoort Hotel; Chester Burger,downtown
The Collective,Meatpacking District,Manhattan,,,American restaurant,downtown
The Vinatta Project,Meatpacking District,Manhattan,,,Bar food,downtown
Puttery,Meatpacking District,Manhattan,,,Mini-golf venue; smash burgers,downtown
CakeBurgers,East Harlem,Manhattan,https://www.cakeburgersny.com/,,1950s retro malt shop at 400 E 120th; gourmet burgers plus cupcakes,uptown
East Harlem Bottling Co.,East Harlem,Manhattan,,,Craft-beer bistro at 107th & Lexington; bistro menus typically include burgers,uptown
Ricardo's Steakhouse,East Harlem,Manhattan,,,Steakhouse on 2nd Ave; steakhouses typically serve burgers,uptown
White Castle,East Harlem,Manhattan,https://www.whitecastle.com/,,Iconic slider chain at 351 E 103rd; mini burgers are the core menu,uptown
Clemente Bar,Flatiron,Manhattan,,,Intimate bar known for the Clemente burger,uptown
Gramercy Tavern,Flatiron,Manhattan,,,Tavern famous for the Tavern Burger (available in the Tavern room),uptown
Motek Flatiron,Flatiron,Manhattan,,,Middle Eastern restaurant serving wagyu and Arayes burgers,uptown
Shake Shack (Madison Square Park),Flatiron,Manhattan,,,Original location of the burger chain in Madison Square Park,uptown
S&P Lunch,Flatiron,Manhattan,,,Jewish-style diner at 174 5th Ave; Prairie Burger and classic cheeseburger,uptown
Abbey Tavern,Gramercy,Manhattan,,,Irish bar/restaurant on the Gramercy/Kips Bay border; burgers on menu,uptown
Diner 24 NYC,Gramercy,Manhattan,,,24-hour diner; known for its Double Smash Burger,uptown
L'Express,Gramercy,Manhattan,,,French bistro known for its lamb burger,uptown
Molly's Shebeen Bar + Restaurant,Gramercy,Manhattan,,,Irish pub; reviewers praise its burgers,uptown
Popchew Burger,Gramercy,Manhattan,https://www.popchew.com/,,Smash-burger walk-up window at 119 E 15th St,uptown
Saperavi,Gramercy,Manhattan,,,Georgian restaurant serving a beef smash burger,uptown
Amy Ruth's,Harlem,Manhattan,,,Soul food restaurant on W 116th; diner-style soul food menus often include burgers,uptown
Angel of Harlem,Harlem,Manhattan,,,Gastro pub; dinner menu includes the Frederick Douglass Burger plus sliders,uptown
B2 Harlem,Harlem,Manhattan,,,"Modern soul food restaurant; menu includes The B² Burger (prime blend, smoked gouda)",uptown
BLVD Bistro,Harlem,Manhattan,,,French-soul bistro on Lenox Ave; bistro menus typically include burgers,uptown
Corner Social,Harlem,Manhattan,,,Neighborhood pub on Lenox Ave; pub fare typically includes burgers,uptown
Dinosaur Bar-B-Que,Harlem,Manhattan,,,BBQ joint at 700 W 125th; BBQ spots typically serve burgers,uptown
Harlem Public,Harlem,Manhattan,http://www.harlempublic.com,,"Pub at 3612 Broadway known for burgers (BBQ pork burger, peanut butter burger, parmesan-crusted burger)",uptown
Harlem Shake,Harlem,Manhattan,https://harlemshake.com,,Dedicated Harlem burger joint; featured on best-burger lists for its Hot Mess and Harlem Classic,uptown
Harlem Tavern,Harlem,Manhattan,,,Tavern at 2153 Frederick Douglass Blvd; tavern menus center on burgers,uptown
Jacob Restaurant,Harlem,Manhattan,,,Soul food diner-style restaurant; casual Southern menus typically include burgers,uptown
Red Rooster Harlem,Harlem,Manhattan,http://redroosterharlem.com/,,Marcus Samuelsson American/comfort-food restaurant; signature Red Line burger,uptown
Row House,Harlem,Manhattan,,,Harlem comfort-food restaurant; comfort menus typically include burgers,uptown
Shake Shack (Harlem),Harlem,Manhattan,https://www.shakeshack.com,,Fast-casual burger chain at 1 W 125th; burgers are the core menu,uptown
Sylvia's Restaurant,Harlem,Manhattan,,,Famous soul food landmark; Southern soul menus typically include a burger option,uptown
The Cecil Steakhouse,Harlem,Manhattan,,,Steakhouse at 210 W 118th; steakhouses almost always serve a burger,uptown
Vinateria,Harlem,Manhattan,,,New American restaurant in Harlem; known to serve a burger on its menu,uptown
123 Burger Shot Beer,Hell's Kitchen,Manhattan,,,Sports bar and burger joint; affordable burgers plus extensive beer list,uptown
5 Napkin Burger,Hell's Kitchen,Manhattan,,,Iconic Hell's Kitchen burger spot (630 9th Ave); the 5 Napkin Burger is the namesake dish,uptown
Bar Bacon,Hell's Kitchen,Manhattan,,,Bacon-focused American bar (836 9th Ave); bacon-cheeseburgers are the point,uptown
Galaxy Diner,Hell's Kitchen,Manhattan,,,Retro diner (665 9th Ave); classic cheeseburgers and fries,uptown
Genuine Roadside,Hell's Kitchen,Manhattan,,,Burger counter inside Gotham West Market (600 11th Ave); dedicated burger spot,uptown
Hibernia Bar,Hell's Kitchen,Manhattan,,,Irish pub (401 W 50th); pub burgers standard,uptown
Rudy's Bar & Grill,Hell's Kitchen,Manhattan,,,Famous Hell's Kitchen dive bar (627 9th Ave); free hot dogs and classic bar burgers,uptown
Shake Shack (Theater District),Hell's Kitchen,Manhattan,,,Fast-casual burger joint at 691 8th Ave; ShackBurgers,uptown
Uncle Jack's Steakhouse,Hell's Kitchen,Manhattan,,,Steakhouse on 9th Ave; steakhouses serve lunch burgers,uptown
Greywind,Hudson Yards,Manhattan,,,Dan Kluger vegetable-forward restaurant; serves a Greywind Burger with cheddar,uptown
Hudson Yards Grill,Hudson Yards,Manhattan,https://hudsonyardsgrill.com/,,American grill by Michael Lomonaco; ML's Blend Aged Prime Beef Burger on the menu,uptown
La Barra (Mercado Little Spain),Hudson Yards,Manhattan,,,Spanish food hall counter; hamburguesa-style sandwiches on Spanish menus,uptown
Queensyard,Hudson Yards,Manhattan,,,American brasserie at 20 Hudson Yards; brasserie menus typically include a burger,uptown
Shake Shack (Hudson Yards),Hudson Yards,Manhattan,https://shakeshack.com/location/hudson-yards-level-4-ny,,Fast-casual burger joint inside the Shops at Hudson Yards,uptown
Whitmans (Hudson Yards),Hudson Yards,Manhattan,,,Burger joint at 331 10th Ave; famous for the Juicy Lucy stuffed burger,uptown
Dyckman Dogs,Inwood,Manhattan,,,Hot dog and burger spot at 105-A Dyckman St; smashburgers (Dyckman Burger) on the menu,uptown
Inwood Bar & Grill,Inwood,Manhattan,,,Bar and grill at 4892 Broadway; bar-and-grill menus center on burgers,uptown
Inwood Local,Inwood,Manhattan,,,Wine bar and beer garden; beer gardens typically serve burgers,uptown
Mamajuana Cafe (Dyckman),Inwood,Manhattan,,,Latin restaurant at Dyckman St; Latin family restaurants commonly include burgers,uptown
Tryon Public House,Inwood,Manhattan,,,Gastropub at Broadway & Thayer (Dyckman area); gastropub menus typically include burgers,uptown
Tubby Hook Tavern,Inwood,Manhattan,,,Tavern; delivery listings show a classic burger and Tubby Hook Burger,uptown
Banc Cafe,Kips Bay,Manhattan,,,Irish pub at 431 3rd Ave; pub menu includes burgers,uptown
Bespoke,Kips Bay,Manhattan,,,Bar-food restaurant at 121 E 27th St,uptown
Buddy's Sports Bar,Kips Bay,Manhattan,https://www.buddysnyc.com/,,Sports bar at 354 3rd Ave; bar-grill food incl. burgers,uptown
Hill and Bay,Kips Bay,Manhattan,,,Kips Bay spot known for juicy Angus beef burgers,uptown
Kipsey's,Kips Bay,Manhattan,,,American restaurant at 438 2nd Ave,uptown
Paddy Reilly's Music Bar,Kips Bay,Manhattan,,,Irish music bar; Irish bars serve pub burgers,uptown
Penelope,Kips Bay,Manhattan,,,American restaurant at 159 Lexington Ave,uptown
Riverpark,Kips Bay,Manhattan,,,Modern American at 450 E 29th; famous dry-aged Riverpark burger,uptown
The Factory 380,Kips Bay,Manhattan,,,Sports bar in Kips Bay; sports bars serve burgers,uptown
Little Ruby's,Nolita,Manhattan,,,Nolita brunch spot at 219 Mulberry St; Whaleys Burger is a praised signature,uptown
Space Billiards,Koreatown,Manhattan,,,Pool-hall tavern on W 32nd serving burgers with live music,uptown
Benjamin Steak House,Midtown East,Manhattan,,,Steakhouse on E 41st; steakhouses almost always offer a burger,uptown
Club A Steakhouse,Midtown East,Manhattan,,,Steakhouse famed for its 10oz dry-aged Club A Cheeseburger,uptown
Holy Cow Burgers,Midtown East,Manhattan,,,Halal fast-food burger joint at 906 3rd Ave,uptown
International Burgers,Midtown East,Manhattan,,,Burger spot with global flavors incl. Japanese wagyu and American cheeseburgers,uptown
Monkey Bar,Midtown East,Manhattan,,,Classic Midtown East steakhouse; praised for its burgers,uptown
Moonstruck Eatery,Midtown East,Manhattan,https://www.moonstruckdinernycmidtown.com/,,Diner; known for a juicy Classic Burger on a brioche bun,uptown
New York Luncheonette,Midtown East,Manhattan,http://www.newyorkluncheonette.com/,,Classic American diner serving a Classic Burger,uptown
Smith & Wollensky,Midtown East,Manhattan,,,Midtown East steakhouse; bar menu includes a burger,uptown
Sparks Steak House,Midtown East,Manhattan,,,Steakhouse on E 46th; steakhouses almost always offer a burger,uptown
The Grill,Midtown East,Manhattan,,,Upscale American steakhouse; bar menu typically includes a burger,uptown
The Horny Ram,Midtown East,Manhattan,,,Bar/brunch spot; serves burgers including a pancake burger and fried fish burger,uptown
The Lunch Box,Midtown East,Manhattan,,,Casual Midtown East spot; known for its Rodeo Burger,uptown
The Naked Pig,Midtown East,Manhattan,,,Bar serving smash burgers including a French-toast burger,uptown
Townhouse Diner,Midtown East,Manhattan,https://townhousediner.netwaiter.com/,,Classic family-run Midtown East diner; cheeseburger is a menu staple,uptown
Turtle Bay Tavern,Midtown East,Manhattan,,,Elevated sports bar; reviewers call its smash burger among the best in NYC,uptown
American Whiskey,Midtown West,Manhattan,,,Whiskey bar (247 W 30th); bar food centered on burgers,uptown
Benjamin Steakhouse Prime,Murray Hill,Manhattan,,,Steakhouse at 23 E 40th St; steakhouses serve lunch burgers,uptown
Benoit New York,Midtown West,Manhattan,,,Upscale French bistro (60 W 55th); its cheeseburger with bacon and caramelized onions is a known highlight,uptown
Brooklyn Diner,Midtown West,Manhattan,,,Classic NYC diner at 212 W 57th; burgers are a staple,uptown
Bryant Park Grill,Midtown West,Manhattan,,,American restaurant at Bryant Park; burgers are core to its American menu,uptown
Burgerology Midtown,Midtown West,Manhattan,,,Burger joint at 320 W 36th (connected to Crowne Plaza); dedicated burger restaurant,uptown
Del Frisco's Double Eagle Steakhouse,Midtown West,Manhattan,https://www.delfriscos.com/location/del-friscos-double-eagle-steakhouse-new-york-ny/,,Midtown steakhouse at 1221 6th Ave; steakhouses serve lunch burgers,uptown
Gallagher's Steakhouse,Midtown West,Manhattan,,,Storied Times Square chophouse (228 W 52nd); house-blend burger on the lunch menu,uptown
Hudson Yards Tavern,Midtown West,Manhattan,,,American tavern at 360 9th Ave; Tavern Burger and specialty burgers on the menu,uptown
Jack Dempsey's,Midtown West,Manhattan,,,Irish pub (36 W 33rd); pub fare with burgers,uptown
McGee's,Midtown West,Manhattan,,,Pub at 240 W 55th; classic pub burgers,uptown
Mustang Harry's,Midtown West,Manhattan,,,Irish sports bar (352 7th Ave); burgers are pub staples,uptown
Parker & Quinn,Midtown West,Manhattan,,,American restaurant at 62 W 39th; New American menus typically include a burger,uptown
Porter House Bar and Grill,Midtown West,Manhattan,,,Michael Lomonaco steakhouse at 10 Columbus Circle; bar-and-grill burgers standard,uptown
Skylight Diner,Midtown West,Manhattan,,,Classic diner at 402 W 34th; burgers are a staple,uptown
Stout NYC,Midtown West,Manhattan,,,"Irish pub and sports bar, Penn Station flagship at 213 W 35th St (moved from W 33rd St); pub burgers standard",uptown
The Liberty NYC,Midtown West,Manhattan,,,American bar at 29 W 35th; bar-and-grill menu with burgers,uptown
Community Food & Juice,Morningside Heights,Manhattan,,,New American cafe on Broadway; American cafe fare typically includes a burger,uptown
Shake Shack (Morningside Heights),Morningside Heights,Manhattan,https://www.shakeshack.com,,Fast-casual burger chain at 2957 Broadway; burgers are the core menu,uptown
The Heights Bar & Grill,Morningside Heights,Manhattan,,,American bar and grill; classic bar food menus include burgers,uptown
Tom's Restaurant,Morningside Heights,Manhattan,,,Iconic Seinfeld-era diner at 2880 Broadway; classic diners serve burgers,uptown
At The Office,Murray Hill,Manhattan,,,"Upscale sports bar at 160 E 38th St, opened April 2026 beside The Consulate (same address); sports bars serve burgers",uptown
Bareburger,Murray Hill,Manhattan,,,Organic burger chain with a Murray Hill location,uptown
Black Sheep,Murray Hill,Manhattan,,,Irish sports pub; Irish pubs serve pub burgers,uptown
Black Tap Craft Burgers & Beer,Murray Hill,Manhattan,https://blacktap.com/,,Award-winning burger joint with a Murray Hill location,uptown
Blue Haven East,Murray Hill,Manhattan,,,American restaurant at 493 3rd Ave; American menus include burgers,uptown
Cask Bar & Kitchen,Murray Hill,Manhattan,,,American gastropub at 167 E 33rd; gastropubs serve burgers,uptown
Jackson Hole Burgers,Murray Hill,Manhattan,,,Classic big-burger joint est. 1972 (locations on 3rd Ave and 35th St),uptown
Leslie New American,Murray Hill,Manhattan,,,New American restaurant on 3rd Ave; American menus include burgers,uptown
Mulligan's Pub,Murray Hill,Manhattan,,,Irish pub; reviewers praise its fresh burgers,uptown
Tara Rose,Murray Hill,Manhattan,,,Murray Hill bar; bar food includes pub burgers,uptown
Ted's Corner Tavern,Murray Hill,Manhattan,,,Tavern on 3rd Ave at 35th St; taverns typically serve burgers,uptown
Black Barn,NoMad,Manhattan,,,Rustic American restaurant; Black Barn burger is a signature,uptown
Johny's Luncheonette,NoMad,Manhattan,,,Diner/luncheonette at 124 W 25th; diners serve burgers,uptown
PLNT Burger,NoMad,Manhattan,https://www.plntburger.com/location/nomad,,Plant-based burger chain with a NoMad location,uptown
Portrait Bar,NoMad,Manhattan,,,Bar in the Fifth Avenue Hotel; known for its dry-aged burger,uptown
Skinny Louie,NoMad,Manhattan,,,Smash-burger joint at Broadway & 26th; 2025 SOBEWFF Very Best Burger winner,uptown
Swingers NoMad,NoMad,Manhattan,,,Mini-golf venue serving Emmy Squared burgers incl. Le Big Matt,uptown
Anything At All,Roosevelt Island,Manhattan,,,New American restaurant in the Graduate Roosevelt Island hotel; burger-standard fare,uptown
Granny Annie's Bar and Kitchen,Roosevelt Island,Manhattan,,,Categorized 'Bar Burgers Sandwiches' at 425 Main St; burgers in the name/category,uptown
Jus' Bad Food,Roosevelt Island,Manhattan,,,American restaurant on Main St; American menus typically include burgers,uptown
NISI Bistro,Roosevelt Island,Manhattan,http://nisibistro.com/,,Greek-American diner at 549 Main St with a build-your-own burger menu,uptown
The Panorama Room,Roosevelt Island,Manhattan,,,Rooftop bar at Graduate Roosevelt Island; bar-food menu with burgers expected,uptown
Black Iron Burger,Times Square,Manhattan,,,Dedicated burger joint at 250 W 54th; build-your-own burgers and craft cocktails in the Theater District,uptown
Dave & Buster's Times Square,Times Square,Manhattan,,,Sports bar/entertainment venue; burgers are core menu items,uptown
Ellen's Stardust Diner,Times Square,Manhattan,,,Retro diner with singing waitstaff; classic burgers and fries,uptown
Farm to Burger,Times Square,Manhattan,http://www.alizhotel.com/dining/farm-to-burger,,Burger-forward hotel restaurant on the ground floor of Aliz Hotel Times Square,uptown
Glass House Tavern,Times Square,Manhattan,,,Theater District tavern (252 W 47th); tavern fare centered on burgers,uptown
Handcraft Burgers and Brew,Times Square,Manhattan,https://handcraftburgers.com/,,Smash-burger joint with craft brews at 110 W 40th; Certified Angus burgers,uptown
Hard Rock Cafe Times Square,Times Square,Manhattan,,,Rock-and-roll restaurant chain at 1501 Broadway; burgers are signature items,uptown
Hurley's,Times Square,Manhattan,,,Classic Times Square Irish pub (232 W 48th); pub burgers standard,uptown
Jimmy's Corner,Times Square,Manhattan,,,Boxing dive bar at 140 W 44th; simple pub burgers standard,uptown
Joe Allen,Times Square,Manhattan,,,Classic Theater District restaurant; famous burgers for the pre-theater crowd,uptown
Junior's Restaurant,Times Square,Manhattan,,,Times Square institution at 1515 Broadway; deli-style burgers standard on the menu,uptown
McHale's Bar & Grill,Times Square,Manhattan,,,Sports bar at 251 W 50th; bar-and-grill menus always include burgers,uptown
Red Flame Diner,Times Square,Manhattan,,,Long-running Midtown diner (67 W 44th St); classic diner burgers,uptown
Sardi's,Times Square,Manhattan,,,Old-school Theater District haunt (234 W 44th); lunch burgers served to the Broadway crowd,uptown
The Lambs Club,Times Square,Manhattan,,,Chatwal hotel American restaurant; New American restaurants of this type nearly always serve a burger,uptown
The Mean Fiddler,Times Square,Manhattan,,,Irish pub on Restaurant Row (266 W 47th); pubs like this serve burgers,uptown
The Rum House,Times Square,Manhattan,,,Hotel Edison cocktail bar with a full American bar menu; burgers standard fare,uptown
Times Square Diner,Times Square,Manhattan,,,Classic NYC diner at 807 8th Ave; specialty hamburgers plus build-your-own burgers,uptown
West Bank Cafe,Times Square,Manhattan,,,Theater District bistro at 407 W 42nd; American bistro serving burgers,uptown
Bareburger,Upper East Side,Manhattan,,,"Organic burger chain at 1681 1st Ave (beef, bison, veggie)",uptown
Bedford Falls,Upper East Side,Manhattan,,,"UES bar at 206 E 67th St; full bar menu, burgers likely",uptown
Cafe Luka,Upper East Side,Manhattan,,,Neighborhood diner/cafe at 1317 1st Ave,uptown
Chez Nick,Upper East Side,Manhattan,,,Cozy UES spot at 1737 York Ave; reviews single out its top-tier burger,uptown
Doc Watson's,Upper East Side,Manhattan,http://docwatsonsnyc.com/,,Irish-style pub at 1490 2nd Ave; reviewers praise its burger,uptown
East End Bar & Grill,Upper East Side,Manhattan,http://www.eastendbar.com/,,UES sports bar; double smash cheeseburger on the menu,uptown
EJ's Luncheonette,Upper East Side,Manhattan,,,1940s-style diner at 1271 3rd Ave; classic burgers and sandwiches,uptown
Emmy Squared (UES),Upper East Side,Manhattan,,,Detroit-style pizzeria whose Le Big Matt burger is cited as one of the city's best,uptown
Gracie Mews Diner,Upper East Side,Manhattan,,,Diner at 1550 1st Ave; burgers and fries are diner staples,uptown
Horn's Hook Tavern,Upper East Side,Manhattan,,,Tavern at 1589 1st Ave; classic tavern burger fare,uptown
Jackson Hole,Upper East Side,Manhattan,,,Classic NYC burger restaurant; hand-scooped made-to-order burgers at its UES spot,uptown
J.G. Melon,Upper East Side,Manhattan,https://jgmelon-nyc.com,,Iconic cash-only pub (since 1972); Bobby Flay's favorite cheeseburger in NYC,uptown
Lexington Candy Shop,Upper East Side,Manhattan,,,Historic 1925 luncheonette/diner; classic diner fare including burgers,uptown
Midnight Express Diner,Upper East Side,Manhattan,http://www.midnightexpressdiner.com,,24/7 UES diner at 1715 2nd Ave; Angus burgers on the menu,uptown
Orsay,Upper East Side,Manhattan,http://www.orsayrestaurant.com/,,French brasserie at 1057 Lexington; its burger is called the best in the UES,uptown
Quality Eats (UES),Upper East Side,Manhattan,,,Steakhouse on 2nd Ave; menu includes a Butcher's Cut Burger with slab bacon,uptown
Ritz Diner,Upper East Side,Manhattan,,,UES diner at 1133 1st Ave; diner burgers standard,uptown
Shake Shack (UES),Upper East Side,Manhattan,https://shakeshack.com/location/upper-east-side-ny,,Fast-casual Angus burgers at 154 E 86th St,uptown
Sin City Burger,Upper East Side,Manhattan,https://sincityburgernyc.com,,Burger haven on E 76th; S.I.N. double-meat burger and pulled-ribeye sliders,uptown
Sojourn,Upper East Side,Manhattan,,,Bar/restaurant at 244 E 79th St with American bar food,uptown
The Mansion,Upper East Side,Manhattan,,,Neighborhood diner at 1634 York Ave,uptown
The Penrose,Upper East Side,Manhattan,,,Gastropub at 1590 2nd Ave; burgers are standard gastropub fare,uptown
The Stumble Inn,Upper East Side,Manhattan,https://www.thestumbleinnnyc.com/,,"Sports bar famous for stuffed burgers (The Stuffed Stumbler, Cheese Monster)",uptown
Treadwell Park,Upper East Side,Manhattan,,,Craft beer hall at 1125 1st Ave; beer-hall food (burgers) expected,uptown
5 Napkin Burger (UWS),Upper West Side,Manhattan,,,2315 Broadway burger spot; OpenTable reviewers call its burger 'one of the best ever',uptown
Amsterdam Ale House,Upper West Side,Manhattan,,,Cited in a 'best burger in NYC' writeup; English-muffin-bun burger,uptown
Arte Cafe,Upper West Side,Manhattan,,,Bistro/cafe at 106 W 73rd St; bistro-style American menu,uptown
Cafe Luxembourg,Upper West Side,Manhattan,http://www.cafeluxembourg.com/,,French bistro at 200 W 70th St famous for the Luxemburger,uptown
Florentin,Upper West Side,Manhattan,,,Chic neo-American bistro; classic bistro fare including burgers likely,uptown
Fred's,Upper West Side,Manhattan,,,Cozy American bistro and neighborhood bar at 476 Amsterdam Ave,uptown
Holy Cow Burgers,Upper West Side,Manhattan,,,Halal smashburger chain at 23 W 100th St,uptown
Jacob's Pickles,Upper West Side,Manhattan,,,Southern comfort spot at 680 Columbus Ave; smashburger on the menu per reviews,uptown
Lion's Head Tavern,Upper West Side,Manhattan,http://www.lionsheadnyc.com/,,Gastropub/sports tavern at 995 Amsterdam Ave; signature Lion's Head Burger,uptown
Maison Pickle,Upper West Side,Manhattan,,,American bistro with patty melt and comfort food at 2309 Broadway,uptown
Malachy's Irish Pub,Upper West Side,Manhattan,https://www.malachysirishpub.com/,,"Classic Irish pub at 103 W 72nd St; serves a 1/4 lb burger, well-reviewed burgers",uptown
McAleer's Pub,Upper West Side,Manhattan,,,UWS Irish pub; its Bacon Bacon Burger was reviewed by Burger Weekly,uptown
Sarabeth's (UWS),Upper West Side,Manhattan,,,American staple at 423 Amsterdam Ave; brunch/lunch menu with burgers likely,uptown
Shake Shack (UWS),Upper West Side,Manhattan,https://shakeshack.com/location/upper-west-side-ny,,Angus burgers at 366 Columbus Ave; called 'best burger slinger the UWS has ever seen',uptown
Tavern on the Green,Upper West Side,Manhattan,,,Classic Central Park tavern in W 67th St; quintessential American tavern fare,uptown
Tessa,Upper West Side,Manhattan,,,Modern American restaurant with Mediterranean influences at 349 Amsterdam Ave,uptown
The Milling Room,Upper West Side,Manhattan,,,American bistro at 446 Columbus Ave,uptown
The Ribbon,Upper West Side,Manhattan,,,Neighborhood American restaurant with broad menu at 20 W 72nd St,uptown
Viand Cafe,Upper West Side,Manhattan,http://www.viandnyc.com,,Classic old-school coffee-shop diner at 2130 Broadway; diner burgers,uptown
Willet's Corner,Upper West Side,Manhattan,,,New American bistro at 420 Amsterdam Ave,uptown
Burger Heights,Washington Heights,Manhattan,http://www.burgerheights.com/,,Dedicated gourmet burger joint at 177 Wadsworth Ave,uptown
Dallas BBQ,Washington Heights,Manhattan,,,BBQ chain at 166th & Broadway; BBQ chains typically serve burgers,uptown
Fort Washington Public House,Washington Heights,Manhattan,,,Neighborhood pub noted in reviews for burgers,uptown
Le Cheile,Washington Heights,Manhattan,,,Irish pub; pub menus typically include burgers,uptown
Locksmith Wine & Burger Bar,Washington Heights,Manhattan,,,Wine and burger bar; burgers are in the name,uptown
Malecon Restaurant,Washington Heights,Manhattan,,,Dominican restaurant chain; large Latin family menus typically include burgers,uptown
Mambi Steakhouse,Washington Heights,Manhattan,,,Dominican steakhouse at 4181 Broadway; steakhouses and Dominican family spots often serve burgers,uptown
The Grange,Washington Heights,Manhattan,,,American pub at 1635 Amsterdam Ave; pub menus typically include burgers,uptown
WaHi Diner,Washington Heights,Manhattan,,,Classic NYC diner at Broadway & 164th; diners serve burgers,uptown
Bun Haus,Williamsburg,Brooklyn,,,Korean-American twist burgers; Kimcheez burger,outer
Mekelburg's,Williamsburg,Brooklyn,,,Specialty food shop + craft beer bar; Double Butter Burger,outer
Juanchi's Burger,Williamsburg,Brooklyn,,,American/Venezuelan burger spot on S 1st St,outer
Frita Batidos,Williamsburg,Brooklyn,,,Cuban fritas (fry-topped burgers) + tropical shakes,outer
DuMont Burger,Williamsburg,Brooklyn,http://www.dumontburger.com/,,Burger + sandwich spot on Bedford Ave,outer
Burger Bhai,Flatbush,Brooklyn,,,Halal smash burgers with desi twist at 1017 Cortelyou Rd (Ditmas Park); spicy mint chutney burger,outer
Cozy Royale,Williamsburg,Brooklyn,,,Meat Hook butcher beef cheeseburgers; limited dry-aged burger,outer
Allswell,Williamsburg,Brooklyn,,,One of the best burgers in Williamsburg per Infatuation,outer
Blue Collar,Bushwick,Brooklyn,,,In-N-Out style burgers; best onion rings per Eater,outer
Nowon Bushwick,Bushwick,Brooklyn,,,Korean-American gastropub; legendary kimchi cheeseburger,outer
Lori Jayne,Bushwick,Brooklyn,,,Dive bar in back of Alphaville; quarter-pound cheeseburger,outer
Grilled!,Bushwick,Brooklyn,,,Vegan burger spot across from Maria Hernandez Park,outer
Blue Hour,Bushwick,Brooklyn,,,Halal double smashburger at BP gas station on Myrtle,outer
Bonnie's Grill,Park Slope,Brooklyn,,,Counter diner; Angus/turkey/veggie burgers + wings,outer
Harlem Shake,Park Slope,Brooklyn,https://harlemshake.com/harlem-shake-brooklyn/,,Retro burger joint; Hot Mess smashburger,outer
Little Purity,Park Slope,Brooklyn,,,Classic diner; great burgers with spicy pickles,outer
Purity Diner,Park Slope,Brooklyn,,,Old-school diner with loyal neighborhood crowd,outer
Putnam's Pub,Fort Greene,Brooklyn,,,Elevated pub fare for brunch lunch and dinner,outer
Sailor,Fort Greene,Brooklyn,,,American bistro,outer
SluttyVegan Brooklyn,Fort Greene,Brooklyn,,,Plant-based fast food burger spot on Fulton St,outer
Stackd Burger,Fort Greene,Brooklyn,https://stackdburgernyc.com,,Burger + wings spot on Nevins St,outer
Ramblin' Chick,Carroll Gardens,Brooklyn,https://www.ramblinchick.com/,,Chicken smash burgers; CGBG-style smash menu,outer
Madcap Cafe,Carroll Gardens,Brooklyn,,,Cafe; Carroll Gardens Burger (CGBG),outer
BIGTINY,Carroll Gardens,Brooklyn,,,French bistro; Jolie burger with fries,outer
Swoony's,Carroll Gardens,Brooklyn,,,American bistro; double smash patty on Portuguese roll,outer
Cafe Spaghetti,Carroll Gardens,Brooklyn,,,Italian spot from Swoony's chef; likely burger,outer
two8two Bar & Burger,Cobble Hill,Brooklyn,,,Hatch green chile cheeseburger on Atlantic Ave,outer
8-Bit Bites,Cobble Hill,Brooklyn,https://www.8bitbitesbk.com/,,Retro arcade diner; halal smash burgers,outer
Bareburger Cobble Hill,Cobble Hill,Brooklyn,,,Organic build-your-own burgers on Court St,outer
Blue Collar Cobble Hill,Cobble Hill,Brooklyn,,,Blue Collar's outpost at 187 Court St,outer
Henry Public,Cobble Hill,Brooklyn,,,Grass-fed burgers; classic cocktails,outer
Belli Osteria,Clinton Hill,Brooklyn,,,Italian restaurant; grass-fed Angus beef burgers,outer
Meme's Diner,Prospect Heights,Brooklyn,,,Neighborhood diner; veggie burger,outer
Maison Yaki,Prospect Heights,Brooklyn,,,French yakitori fusion; Raclette Wagyu Burger,outer
Branded Saloon,Prospect Heights,Brooklyn,,,Bar; Branded Burger with maple glaze bacon,outer
Patti Ann's,Prospect Heights,Brooklyn,,,Midwestern-style restaurant; smash burger,outer
Gertrude's,Prospect Heights,Brooklyn,,,Brooklyn bistro; Gertrude burger on challah bun,outer
Boeuf & Bun,Crown Heights,Brooklyn,,,Artisanal burger lab; house-ground burgers,outer
Dutch Boy Burger,Crown Heights,Brooklyn,,,Laid-back burger joint next to Franklin Park,outer
Café Rue Dix,Crown Heights,Brooklyn,,,Spiced ribeye burger,outer
Tom's Restaurant,Crown Heights,Brooklyn,,,Iconic diner; Tom Burger deluxe,outer
Little Grenjai,Bed-Stuy,Brooklyn,,,Thai American diner; pad krapow smash burger (lunch only),outer
Hart's,Bed-Stuy,Brooklyn,,,Lamb burger with anchovies; mini-empire of cozy spots,outer
The Fly,Bed-Stuy,Brooklyn,,,Sister restaurant of Hart's; likely burger,outer
Home Frite,Bed-Stuy,Brooklyn,,,Award Winning Cheeseburger; boozy milkshakes,outer
The Burger Bistro,Bay Ridge,Brooklyn,http://www.theburgerbistro.com/,,Build-your-own burgers; 3rd Ave institution,outer
Bean Post Pub,Bay Ridge,Brooklyn,http://beanpostpub.com/,,Pub; Bay Ridge's best wings burgers & beer,outer
Bay Ridge House of Wings,Bay Ridge,Brooklyn,,,Smash burgers + wings on 3rd Ave,outer
Pipin's Pub,Bay Ridge,Brooklyn,https://www.pipinsbayridge.com/,,Landmark gastropub; Pipin Burger,outer
New Dyker Restaurant,Bensonhurst,Brooklyn,http://www.newdykerrestaurant.com/,,Diner; charbroiled burgers,outer
Butcher's Burger,Bensonhurst,Brooklyn,,,Burger joint; viral FRENCHINATOR sandwich,outer
Parkview Diner,Bensonhurst,Brooklyn,parkviewdiner.com,,Voted Brooklyn's best diner; classic burgers,outer
BurgerFi,Bensonhurst,Brooklyn,,,Burger chain on 86th St,outer
Bernie's,Greenpoint,Brooklyn,,,Smash burgers with special sauce; draw-on tables,outer
The Snail,Greenpoint,Brooklyn,,,New restaurant; acclaimed double patty burger,outer
20 Grams Cafe,Greenpoint,Brooklyn,,,Viral $2.55 cheeseburger at Jubilee Marketplace,outer
Tørst,Greenpoint,Brooklyn,,,Danish tavern; dry-aged burger with smoked tomato jam,outer
Gator,Greenpoint,Brooklyn,,,Contemporary American; burger with miso tempura mushroom,outer
Shake Shack Dumbo,Dumbo,Brooklyn,,,Chain; burgers under the Brooklyn Bridge,outer
Ingas Bar,Brooklyn Heights,Brooklyn,,,Neighborhood restaurant from Ingas people,outer
Cafe Kestrel,Red Hook,Brooklyn,,,$32 brisket-blend peppercorn burger,outer
Hometown Bar-B-Que,Red Hook,Brooklyn,,,Famed pitmaster's spot; tavern-adjacent burger,outer
Tavern Next Door,Red Hook,Brooklyn,,,Sister tavern to Red Hook Tavern; exceptional burgers,outer
Tex's Chicken & Burgers,Sunset Park,Brooklyn,,,Fried chicken + burgers on 5th Ave,outer
Sea Witch,Sunset Park,Brooklyn,,,Bar with elevated pub fare,outer
Korzo,Sunset Park,Brooklyn,,,Eastern European; deep-fried lángos burgers,outer
Moes Pastrami & Burgers,Flatbush,Brooklyn,,,Pastrami + burgers on Flatbush Ave,outer
Sunset Bagel,Flatbush,Brooklyn,,,24/7 bagel spot; Murder Burger,outer
Shake Shack Flatbush,Flatbush,Brooklyn,,,Chain; across from Barclays Center,outer
Butcher Bar,Astoria,Queens,,,BBQ smokehouse with famous smoked burgers; best BBQ in NYC contender,outer
Petey's Burger,Astoria,Queens,http://www.peteysburger.com/,,In-N-Out-style double cheeseburger spot; also has LIC location,outer
Burger Club,Astoria,Queens,http://www.burger-club.com/,,Bison and hanger-steak burgers with shakes,outer
Holy Burger,Astoria,Queens,https://www.holyburger.nyc/holyburger-astoria-location,,Smash burgers and late-night bites at 23-14 36th Ave,outer
Bareburger,Astoria,Queens,,,Organic/bison/elk burgers regional chain,outer
OG Burger Box,Astoria,Queens,,,Halal grass-fed smash burgers,outer
Bel Aire Diner,Astoria,Queens,,,Classic Greek diner,outer
Bohemian Hall & Beer Garden,Astoria,Queens,,,Historic 1910 beer garden with burgers on menu,outer
Cronin & Phelan's,Astoria,Queens,,,Irish pub with burgers,outer
Irish Rover,Astoria,Queens,,,Irish pub with burgers,outer
The Baroness,Long Island City,Queens,,,Craft beer bar with 10+ burger combos; voted #1 burger in Queens by some lists,outer
Petey's Burger,Long Island City,Queens,http://www.peteysburger.com/,,Second Queens location of In-N-Out-style burger spot,outer
Bareburger,Long Island City,Queens,,,Organic/bison/elk burgers regional chain,outer
F. Ottomanelli's,Woodside,Queens,,,Burgers and Belgian fries by butcher family Ottomanelli at 60-15 Woodside Ave,outer
The Huntress,Long Island City,Queens,,,Whiskey/wings/burger spot,outer
PJ Leahy's,Long Island City,Queens,,,Irish pub and sports bar with burgers,outer
Bantry Bay Publick House,Long Island City,Queens,www.bantrybaypub.com,,Irish pub with burgers incl. lamb burger,outer
Gantry Bar & Kitchen,Long Island City,Queens,,,Vintage sports bar; The Gantry Burger on pretzel bun,outer
Jackson's Eatery | Bar,Long Island City,Queens,,,Seasonal American; Jackson's Grass Fed Burger,outer
Court Square Diner,Long Island City,Queens,,,Classic diner,outer
CaliBun Burgers & Shakes,Long Island City,Queens,,,Burgers and shakes spot,outer
First Stop Bar & Grill,Long Island City,Queens,,,Bar and grill with burgers,outer
Local Hops,Forest Hills,Queens,,,Craft beer bar with smash burger and truffle mushroom burger,outer
Burger Spot,Forest Hills,Queens,https://www.burgerspotny.com/menu/,,Kosher smash-burger joint; late-night,outer
Dirty Pierre's,Forest Hills,Queens,http://www.dirtypierres.com/,,Longtime burger-centric bar since 1995; garlic-cheese burger,outer
Bareburger,Forest Hills,Queens,,,Organic/bison/elk burgers regional chain,outer
Forest Hills Station House,Forest Hills,Queens,www.fhstationhouse.com,,Gastropub with bacon cheddar burger and pastrami burger,outer
Irish Cottage,Forest Hills,Queens,,,Irish pub with well-regarded burgers,outer
Shake Shack,Forest Hills,Queens,,,ShackBurgers chain location,outer
(aged.),Forest Hills,Queens,,,American steakhouse with burgers on menu,outer
IYKYK,Flushing,Queens,http://www.iykykny.com/,,Downtown Flushing speakeasy with smash burgers,outer
Zabiha Burger & Fries,Flushing,Queens,,,Halal burgers to-go in downtown Flushing,outer
Millard Fillmore Tavern,Flushing,Queens,,,American bar and pub with burgers,outer
Burger Plus,Flushing,Queens,,,Budget burger and chicken sandwich spot,outer
Outback Steakhouse,Flushing,Queens,,,Steakhouse with burgers on menu,outer
Pat LaFrieda's Chop House at Citi Field,Flushing,Queens,,,Butcher-driven steakhouse with custom burger blends; game-day dining,outer
Golden K Burgers,Bayside,Queens,https://www.goldenkburgersnyc.com/,,Korean-American burger joint; bulgogi and Big Kahuna burgers,outer
Bourbon Street,Bayside,Queens,https://bourbonstreetny.com/,,Cajun bar and grill with Utopia Burger and Bourbon Burger,outer
Press 195,Bayside,Queens,http://www.press195.com/,,Gastropub with 195 Classic Burger,outer
Monahan & Fitzgerald,Bayside,Queens,,,Irish-American sports bar with burgers,outer
Emoji Burger,Jackson Heights,Queens,,,Burger joint with themed burger names,outer
Bar Burger,Jackson Heights,Queens,,,Burger bar on Roosevelt Ave,outer
Jax Inn Diner,Jackson Heights,Queens,,,Classic diner,outer
The Queensboro,Jackson Heights,Queens,,,Neighborhood bar-restaurant with dinner menu including burgers,outer
Uncle Peters Bar & Grill,Jackson Heights,Queens,,,Bar and grill with burgers,outer
El Poblado Gastro Bar,Jackson Heights,Queens,,,Colombian gastro bar with large Dulcinea and Don Bacon burgers,outer
Smash Shack Burger Bar,Sunnyside,Queens,,,Smash burger bar,outer
Pete's Grill,Sunnyside,Queens,,,American diner,outer
The Lowery Bar & Kitchen,Sunnyside,Queens,,,Bar and kitchen with pub burgers,outer
Crete Diner and Restaurant,Sunnyside,Queens,,,Charcoal-grilled burgers at lunch,outer
McGuinness's Saloon,Sunnyside,Queens,,,Classic Irish pub,outer
Jack's Fire Department,Sunnyside,Queens,,,Family-owned bar and grill; one of oldest spots in Sunnyside,outer
Sweet Avenue,Sunnyside,Queens,,,Tavern with burgers on menu,outer
Bronx Burger House,Riverdale,Bronx,bronxburgerhouse.com,,"Burger joint; 17 burger combos, fresh-chopped Angus blend",outer
An Beal Bocht Cafe,Riverdale,Bronx,,,Irish pub and restaurant; burgers on pub menu,outer
Blackstone Bar & Grill,Riverdale,Bronx,,,Sports bar and eatery; burgers highly rated,outer
Riverdale Diner,Riverdale,Bronx,,,Classic diner with burgers on extensive menu,outer
Riverdale Steak House,Riverdale,Bronx,,,Irish family-run pub/steakhouse since the 70s; burgers on menu,outer
Riverdale Garden,Riverdale,Bronx,,,Eclectic restaurant with kids menu incl. burgers,outer
Bronx Alehouse,Kingsbridge,Bronx,https://www.bronxalehouse.com/,,Craft-beer gastropub; Alehouse Burger and weekly burger of the week,outer
The Punch Bowl,Kingsbridge,Bronx,,,Historic Irish pub; classic pub fare,outer
O'Brien Pub,Kingsbridge,Bronx,,,Neighborhood pub with classic pub fare,outer
Keane's Bar And Restaurant,Woodlawn,Bronx,http://www.keanesbar.com/,,Irish bar/restaurant; Gaelic Burger and hamburger on menu,outer
Kingsbridge Social Club,Kingsbridge,Bronx,,,"Eatery with wood-fired pizzas, sandwiches; burgers on menu",outer
The Flame Diner,Fordham,Bronx,,,Greek diner; classic cheeseburger on menu,outer
Olympic Flame Diner,Fordham,Bronx,,,Greek diner; burgers on menu,outer
Solomon's Porch,Fordham,Bronx,,,Gourmet burger spot on Webster Ave; creative toppings,outer
Burger Lodge,Belmont,Bronx,,,Burger spot,outer
Charlies Bar & Kitchen,Mott Haven,Bronx,,,American bar and kitchen; known for burgers (454 burger),outer
Beatstro,Mott Haven,Bronx,,,American/Puerto Rican spot; burgers on menu,outer
Milk Burger,Mott Haven,Bronx,,,Burger joint,outer
Maisonetta,Mott Haven,Bronx,https://maisonettanyc.com/,,French-Mexican fusion; burger with sweet plantain and fried cheese on menu,outer
Mott Haven Bar and Grill,Mott Haven,Bronx,,,Neighborhood bar and grill; burgers and pub fare,outer
Jerry's Hamburger Place,Mott Haven,Bronx,,,Hamburger place; huge menu including burgers and burritos,outer
Bronx Burger Co,South Bronx,Bronx,,,Affordable burger spot; smash-style cheeseburgers,outer
Mo Gridder's BBQ,Hunts Point,Bronx,,,BBQ joint featured on Diners Drive-Ins and Dives; burgers on menu,outer
Burger Time,Morris Park,Bronx,,,Classic burger restaurant; Excaliburger and French Fried Onion Burger,outer
Nana's Kitchen,Morris Park,Bronx,http://www.nanaskitchenbronx.com/,,Albanian-Mediterranean eatery; Albanian Burger Combo on menu,outer
Doyle's Pub,Morris Park,Bronx,,,Pub with pub-food menu,outer
P.J. Brady's,Throggs Neck,Bronx,,,American pub food at 3201 Philip Ave,outer
Wicked Wolf Bronx,Throggs Neck,Bronx,http://www.wickedwolfbronx.com/,,Neighborhood sports bar; Wolf burger,outer
Fiddler's Elbow Restaurant & Bar,Throggs Neck,Bronx,,,Irish-American restaurant and bar; burgers and steak on menu,outer
Dale Diner,Kingsbridge,Bronx,,,Classic American diner at 189 W 231st St; burgers on menu,outer
Ice House Café,Throggs Neck,Bronx,,,Waterfront American restaurant; burgers on menu,outer
Jimmy's Grand Cafe,Unionport,Bronx,https://jimmysgrandcafe.com/,,"American diner/cafe; burgers, cheeseburgers, veggie and turkey burgers",outer
John's Diner,Parkchester,Bronx,https://johnsdinerbronx.com/,,Classic Bronx diner since 1990s; Jumbo Beef Burger,outer
Step In Restaurant,Unionport,Bronx,,,"American restaurant; burgers, steak, sandwiches",outer
City Island Diner,City Island,Bronx,,,Classic diner; cheeseburgers and creative sandwiches,outer
Black Whale,City Island,Bronx,,,Pub with seafaring decor; seafood and burgers,outer
Johnny's Reef,City Island,Bronx,,,Seafood spot; burgers and shakes on menu,outer
Bronx Beer Hall,Belmont,Bronx,,,Gastropub in the Arthur Ave market (2344 Arthur Ave); gourmet burgers and craft beer,outer
Stadium Sport Bar Restaurant & Pizzeria,Concourse,Bronx,,,Sports bar pizzeria; pub food and burgers,outer
Jolly Tinker,Bedford Park,Bronx,,,Cozy spot at 2875 Webster Ave known for juicy burgers,outer
Tex's Chicken & Burgers,Fordham,Bronx,,,Fast-food chicken and burger chain location,outer
Duffy's Tavern,West Brighton,Staten Island,,,Irish pub since 1985; famous flame-broiled cheeseburger on English muffin,outer
Jody's Club Forest,West Brighton,Staten Island,https://www.jodysclubforest.com/,,Irish-American pub; Barstool Sports praised its burger,outer
O'Neill's,West Brighton,Staten Island,,,Irish pub at 1614 Forest Ave; burgers are house specialty per reviews,outer
G&G American Grill,West Brighton,Staten Island,,,American grill/diner at 891 Manor Rd,outer
8 Bit Bites,West Brighton,Staten Island,,,Smashburgers at 1419 Forest Ave; viral on TikTok,outer
Supreme Burger Company,West Brighton,Staten Island,,,Smash burgers at 646 Forest Ave,outer
Steiny's Pub,St. George,Staten Island,,,Neighborhood pub near the ferry; beef and veggie burgers,outer
Ruddy & Dean American Steakhouse,St. George,Staten Island,,,Steakhouse at 44 Richmond Ter,outer
Shake Shack,St. George,Staten Island,https://www.shakeshack.com/location/empire-outlets-staten-island-ferry-ny,,Empire Outlets by the ferry,outer
The Hop Shoppe,Stapleton,Staten Island,,,Bar at 372 Van Duzer St; frequent local burger pick,outer
Craft House,Stapleton,Staten Island,,,American restaurant/bar at 60 Van Duzer St,outer
Griff's Place,New Dorp,Staten Island,,,Bar/restaurant; 'best burgers on SI' per locals,outer
Ronnie's Sandwich Shoppe,New Dorp,Staten Island,,,Known for its Bourbon burger,outer
Andrew's Diner,New Dorp,Staten Island,https://andrewsdiner.com/,,Classic diner; pizza burger and classic burgers,outer
On A Roll,New Dorp,Staten Island,,,Pat LaFrieda cheeseburger; roast-beef specialist,outer
98K Burger,New Dorp,Staten Island,,,Burger counter at 357A New Dorp Ln,outer
Applebee's,New Dorp,Staten Island,,,Chain grill & bar at 430 New Dorp Ln,outer
CD Burger,Old Town,Staten Island,,,Burger spot; pretzel-bun burger,outer
Saucy,Grasmere,Staten Island,,,Wings-and-burgers spot,outer
The KOVA,Grant City,Staten Island,,,American cafe; raved-about burger,outer
White Castle,Grant City,Staten Island,,,Chain sliders at 2221 Hylan Blvd,outer
Joyce's Tavern,Eltingville,Staten Island,http://www.joycestavern.com/,,"Irish pub since 1966; sirloin burgers, weekly burger specials",outer
Richmond Republic,Annadale,Staten Island,,,Bar & grill at 4459 Amboy Rd,outer
Bite Burger,Great Kills,Staten Island,,,Burger joint; 4.6 stars on Yelp,outer
Da Damaso,Great Kills,Staten Island,,,Italian restaurant likely serving burgers,outer
Flanagan's Tavern,Great Kills,Staten Island,http://www.jdstavern.net/,,Irish pub; Irish Prime Rib Burger (site listed as JD's Tavern),outer
Tottenville Tavern,Tottenville,Staten Island,,,Neighborhood bar & grill; 1/2-lb Tavern Burger and Spicy Burger,outer
Ralph's Sports Bar,Tottenville,Staten Island,,,Sports bar; local burger favorite,outer
Trackside Bar & Grill,New Dorp,Staten Island,,,Bar & grill at 61 New Dorp Plaza North; local burger favorite,outer
Towne Deli & Pizzeria,Tottenville,Staten Island,,,Deli-pizzeria with burgers on the menu,outer
Rab's Country Lanes,Dongan Hills,Staten Island,,,Bowling alley whose burgers get local recommendations,outer
Tommy's Tavern and Tap,New Springville,Staten Island,,,Tavern chain at 2655 Richmond Ave,outer
DaddyO's BBQ and Sports Bar,Charleston,Staten Island,,,BBQ sports bar at 35 Androvette St,outer
SI Diner,Westerleigh,Staten Island,,,Classic diner at 1877 Victory Blvd,outer
Joe Broadway's Billiards & Sports Pub,Graniteville,Staten Island,,,Sports pub at 2178 Forest Ave,outer
PepperJack Grill,Castleton Corners,Staten Island,,,Grill at 316 Manor Rd,outer
West Shore Inn,Chelsea,Staten Island,,,Inn/bar at 3955 Victory Blvd,outer
Adobe Blues,New Brighton,Staten Island,,,Southwest restaurant at 63 Lafayette Ave,outer
Bravo Pizza & Sports Bar,New Dorp,Staten Island,https://bravopizzasi.com/,,Pizza sports bar at 413 New Dorp Ln advertising fresh Angus burgers,outer
Five Guys (Flushing),Flushing,Queens,,,Chain customizable beef burger; distinct location from West Village pilot entry,outer
Five Guys (New Springville),New Springville,Staten Island,,,Chain customizable beef burger; distinct location from West Village pilot entry,outer
7th Street Burger (Astoria),Astoria,Queens,,,Smashburger chain; distinct location from East Village pilot entry,outer
7th Street Burger (Forest Hills),Forest Hills,Queens,,,Smashburger chain; distinct location from East Village pilot entry,outer
Hillstone,NoMad,Manhattan,,,American restaurant at 378 Park Ave S famous for its burgers (the chain's one NYC location),uptown
3 Sheets Saloon,West Village,Manhattan,,,"DOHMH American; 134 West 3 Street, 10012",dohmh-diner-pub
42nd Street Pizza Diner,Clinton,Manhattan,,,"DOHMH American; 647 West 42 Street, 10036",dohmh-diner-pub
7 Street Burger,Yorkville,Manhattan,,,"DOHMH American; 1603 2 Avenue, 10028",dohmh-diner-pub
A.w.o.l. Bar & Grill,Murray Hill-Kips Bay,Manhattan,,,"DOHMH American; 337 3 Avenue, 10010",dohmh-diner-pub
Andrew's NYC Diner,Midtown-Midtown South,Manhattan,,,"DOHMH American; 463 7 Avenue, 10018",dohmh-diner-pub
Apple Jack Diner,Midtown-Midtown South,Manhattan,,,"DOHMH American; 1725 Broadway, 10019",dohmh-diner-pub
Arthur's Tavern,West Village,Manhattan,,,"DOHMH American; 57 Grove Street, 10014",dohmh-diner-pub
Aviator Grill at Intrepid,,Manhattan,,,DOHMH American; 1 Intrepid Sq,dohmh-diner-pub
Bagel Pub,Midtown-Midtown South,Manhattan,,,"DOHMH American; 815 6 Avenue, 10001",dohmh-diner-pub
Bailey's Corner Pub,Yorkville,Manhattan,,,"DOHMH Irish; 1607 York Avenue, 10028",dohmh-diner-pub
Baires Grill,Clinton,Manhattan,,,"DOHMH Steakhouse; 350 West 50 Street, 10019",dohmh-diner-pub
Barn Burner Grill/ Snack Bar,Hamilton Heights,Manhattan,,,"DOHMH American; 679 Riverside Drive, 10031",dohmh-diner-pub
Barrow's Pub,West Village,Manhattan,,,"DOHMH Irish; 463 Hudson Street, 10014",dohmh-diner-pub
Beer Pub,Midtown-Midtown South,Manhattan,,,"DOHMH American; 4 Penn Plaza, 10121",dohmh-diner-pub
Benny John's Bar and Grill,Midtown-Midtown South,Manhattan,,,"DOHMH American; 8 East 48 Street, 10017",dohmh-diner-pub
Biddy's Pub,Yorkville,Manhattan,,,"DOHMH American; 301 East 91 Street, 10128",dohmh-diner-pub
Bill's Bar & Burger Rockefeller Center,Midtown-Midtown South,Manhattan,,,"DOHMH American; Rockefeller Center, 10111",dohmh-diner-pub
Blake's Tavern NYC,Midtown-Midtown South,Manhattan,,,"DOHMH American; 252 West 46 Street, 10036",dohmh-diner-pub
Bloom's Tavern,Turtle Bay-East Midtown,Manhattan,,,"DOHMH American; 208 East 58 Street, 10022",dohmh-diner-pub
Blue & Gold Tavern,East Village,Manhattan,,,"DOHMH American; 79 East 7 Street, 10003",dohmh-diner-pub
Blueroad,Chinatown-Lower East Side,Manhattan,,,"DOHMH Hamburgers; 134 Ludlow Street, 10002",dohmh-hamburgers
Bobby Van's Grill,Midtown-Midtown South,Manhattan,,,"DOHMH Steakhouse; 135 West 50 Street, 10020",dohmh-diner-pub
Burger & Shake Co,Hamilton Heights,Manhattan,,,"DOHMH American; 1625 Amsterdam Avenue, 10031",dohmh-diner-pub
Burger Man,Midtown-Midtown South,Manhattan,,,"DOHMH American; 740 7 Avenue, 10019",dohmh-diner-pub
Burger Mania,Midtown-Midtown South,Manhattan,,,"DOHMH Hamburgers; 68 West 39 Street, 10018",dohmh-hamburgers
Burger World,Clinton,Manhattan,,,"DOHMH Hamburgers; 534 9 Avenue, 10018",dohmh-hamburgers
Burgermania,Midtown-Midtown South,Manhattan,,,"DOHMH Hamburgers; 274 West 40 Street, 10018",dohmh-hamburgers
Burgers and Tacos on Lex,Upper East Side-Carnegie Hill,Manhattan,,,"DOHMH Hamburgers; 1150 Lexington Avenue, 10075",dohmh-hamburgers
Bus Stop Diner,Manhattanville,Manhattan,,,"DOHMH American; 3341 Broadway, 10031",dohmh-diner-pub
Carnegie Diner,Midtown-Midtown South,Manhattan,,,"DOHMH American; 828 8 Avenue, 10019",dohmh-diner-pub
Carnegie Diner and Cafe,Midtown-Midtown South,Manhattan,,,"DOHMH American; 205 West 57 Street, 10019",dohmh-diner-pub
Cassidy's Pub,Midtown-Midtown South,Manhattan,,,"DOHMH Irish; 65 West 55 Street, 10019",dohmh-diner-pub
Cat Sports Pub,Battery Park City-Lower Manhattan,Manhattan,,,"DOHMH American; 96 Greenwich Street, 10006",dohmh-diner-pub
"Celebrity Chef, Simply Vegan",Midtown-Midtown South,Manhattan,,,"DOHMH Hamburgers; 4 Penn Plaza, 10121",dohmh-hamburgers
Central Market All American Grill,Battery Park City-Lower Manhattan,Manhattan,,,"DOHMH American; 4 South Street, 10004",dohmh-diner-pub
Chelton's Bar & Grille,Midtown-Midtown South,Manhattan,,,"DOHMH American; 128 West 29 Street, 10001",dohmh-diner-pub
Cherry Tavern,East Village,Manhattan,,,"DOHMH American; 441 East 6 Street, 10009",dohmh-diner-pub
City Diner,Upper West Side,Manhattan,,,"DOHMH American; 2441 Broadway, 10024",dohmh-diner-pub
City Tavern & Table,Clinton,Manhattan,,,"DOHMH American; 629 West 57 Street, 10019",dohmh-diner-pub
Cooper Town Diner,Gramercy,Manhattan,,,"DOHMH American; 339 1 Avenue, 10003",dohmh-diner-pub
Cosmic Diner,Midtown-Midtown South,Manhattan,,,"DOHMH American; 888 8 Avenue, 10019",dohmh-diner-pub
Coyote Ugly Saloon,Gramercy,Manhattan,,,"DOHMH American; 233 East 14 Street, 10003",dohmh-diner-pub
Crompton Ale House,Midtown-Midtown South,Manhattan,,,"DOHMH American; 159 West 26 Street, 10001",dohmh-diner-pub
Croton Reservoir Tavern,,Manhattan,,,DOHMH American; 108110 West 40 Street,dohmh-diner-pub
Cubby's,Clinton,Manhattan,,,"DOHMH Hamburgers; 630 10 Avenue, 10036",dohmh-hamburgers
Custom Burger/Philly Cheese Steak,,Manhattan,,,DOHMH Hamburgers; JFK International Airport,dohmh-hamburgers
Daily Burger,Midtown-Midtown South,Manhattan,,,"DOHMH Hamburgers; 4 Penn Plaza, 10121",dohmh-hamburgers
Dalton's Bar & Grill,Clinton,Manhattan,,,"DOHMH American; 611 9 Avenue, 10036",dohmh-diner-pub
David Burke Tavern,Upper East Side-Carnegie Hill,Manhattan,,,"DOHMH American; 135 East 62 Street, 10065",dohmh-diner-pub
Del Frisco's Grille,Midtown-Midtown South,Manhattan,,,"DOHMH Steakhouse; 60 Rockefeller Plaza, 10020",dohmh-diner-pub
Deli & Grill,Washington Heights South,Manhattan,,,"DOHMH American; 4119 Broadway, 10033",dohmh-diner-pub
Dorlan's Tavern,Battery Park City-Lower Manhattan,Manhattan,,,"DOHMH American; 213 Front Street, 10038",dohmh-diner-pub
Double Down Saloon,East Village,Manhattan,,,"DOHMH American; 14 Avenue a, 10009",dohmh-diner-pub
Fat Boys Burgers,Clinton,Manhattan,,,"DOHMH American; 853 9 Avenue, 10019",dohmh-diner-pub
Fitzgerald's Pub,Gramercy,Manhattan,,,"DOHMH American; 336 Third Avenue, 10010",dohmh-diner-pub
Flaming Saddles Saloon,Clinton,Manhattan,,,"DOHMH American; 793 9 Avenue, 10019",dohmh-diner-pub
Flat Out Burger,Chinatown-Lower East Side,Manhattan,,,"DOHMH Hamburgers; 139 Eldridge Street, 10002",dohmh-hamburgers
Garden Pub,Midtown-Midtown South,Manhattan,,,"DOHMH American; 4 Penn Plaza, 10121",dohmh-diner-pub
Gemini Diner,Murray Hill-Kips Bay,Manhattan,,,"DOHMH American; 641 2 Avenue, 10016",dohmh-diner-pub
Golden Diner,Chinatown-Lower East Side,Manhattan,,,"DOHMH American; 123 Madison Street, 10002",dohmh-diner-pub
Goldie's Tavern,Midtown-Midtown South,Manhattan,,,"DOHMH American; 135 West 30 Street, 10001",dohmh-diner-pub
Gracie's Diner,Yorkville,Manhattan,,,"DOHMH American; 242 East 85 Street, 10028",dohmh-diner-pub
Gramercy Ale House,Gramercy,Manhattan,,,"DOHMH American; 272 3 Avenue, 10010",dohmh-diner-pub
Herbie's Burgers,East Village,Manhattan,,,"DOHMH Hamburgers; 109 1 Avenue, 10003",dohmh-hamburgers
High Hill Diner,Washington Heights North,Manhattan,,,"DOHMH American; 808 West 187 Street, 10033",dohmh-diner-pub
Hilltop Park Alehouse,Washington Heights South,Manhattan,,,"DOHMH American; 3821 Broadway, 10032",dohmh-diner-pub
Hollywood Diner,Hudson Yards-Chelsea-Flat Iron-Union Square,Manhattan,,,"DOHMH American; 574 6 Avenue, 10011",dohmh-diner-pub
Jack Doyles Pub & Restaurant,Midtown-Midtown South,Manhattan,,,"DOHMH Irish; 240 West 35 Street, 10001",dohmh-diner-pub
Jake's Saloon,Hudson Yards-Chelsea-Flat Iron-Union Square,Manhattan,,,"DOHMH Irish; 206 West 23 Street, 10011",dohmh-diner-pub
Jeremy's Ale House,Battery Park City-Lower Manhattan,Manhattan,,,"DOHMH American; 228 Front Street, 10038",dohmh-diner-pub
Jimbo's Burger Palace,Central Harlem North-Polo Grounds,Manhattan,,,"DOHMH American; 535 Lenox Avenue, 10037",dohmh-diner-pub
Jimbo's Hamburger,East Harlem North,Manhattan,,,"DOHMH Hamburgers; 2027 Lexington Avenue, 10035",dohmh-hamburgers
Jimbo's Hamburger Palace,Morningside Heights,Manhattan,,,"DOHMH Hamburgers; 1345 Amsterdam Avenue, 10027",dohmh-hamburgers
Jimbo's Hamburger Place,Turtle Bay-East Midtown,Manhattan,,,"DOHMH Hamburgers; 991 1 Avenue, 10022",dohmh-hamburgers
Jimbo's Hamburgers,Central Harlem North-Polo Grounds,Manhattan,,,"DOHMH Hamburgers; 703 Lenox Avenue, 10039",dohmh-hamburgers
John Sullivan's Pub,Midtown-Midtown South,Manhattan,,,"DOHMH Irish; 210 West 35 Street, 10001",dohmh-diner-pub
Josie Wood's Pub,West Village,Manhattan,,,"DOHMH American; 11 Waverly Place, 10003",dohmh-diner-pub
Jumbo Hamburgers,Central Harlem South,Manhattan,,,"DOHMH Hamburgers; 112 West 116 Street, 10026",dohmh-hamburgers
Jumbo's Hamburgers,Central Harlem North-Polo Grounds,Manhattan,,,"DOHMH Hamburgers; 274 West 145 Street, 10039",dohmh-hamburgers
Kabooz's Bar & Grille,,Manhattan,,,DOHMH American; Amtrak Level,dohmh-diner-pub
Kanu Bar/Grill,Hamilton Heights,Manhattan,,,"DOHMH American; 3628 Broadway, 10031",dohmh-diner-pub
Kennedy Chicken & Burgers,Central Harlem North-Polo Grounds,Manhattan,,,"DOHMH American; 1 West 137 Street, 10037",dohmh-diner-pub
Kobeyaki/Hamburger Celebrity Chef -,Midtown-Midtown South,Manhattan,,,"DOHMH American; 4 Penn Plaza, 10121",dohmh-diner-pub
Landshark Bar & Grill,Midtown-Midtown South,Manhattan,,,"DOHMH American; 560 7 Avenue, 10018",dohmh-diner-pub
Long Acre Tavern,Midtown-Midtown South,Manhattan,,,"DOHMH American; 146 West 47 Street, 10036",dohmh-diner-pub
Lotos Club Grill Room,Upper East Side-Carnegie Hill,Manhattan,,,"DOHMH American; 5 East 66 Street, 10065",dohmh-diner-pub
Lovely's Old Fashioned,Clinton,Manhattan,,,"DOHMH Hamburgers; 642 9 Avenue, 10036",dohmh-hamburgers
Lucky's Famous,Clinton,Manhattan,,,"DOHMH Hamburgers; 370 West 52 Street, 10019",dohmh-hamburgers
Luke's Bar & Grill,Upper East Side-Carnegie Hill,Manhattan,,,"DOHMH American; 1394 Third Avenue, 10075",dohmh-diner-pub
Macdougal Street Alehouse,West Village,Manhattan,,,"DOHMH American; 122 Macdougal Street, 10012",dohmh-diner-pub
Madison Bagel and Grill,Chinatown-Lower East Side,Manhattan,,,"DOHMH American; 5 Madison Street, 10038",dohmh-diner-pub
Manhattan Diner,Upper West Side,Manhattan,,,"DOHMH American; 2532 Broadway, 10025",dohmh-diner-pub
McCoy's Pub,Clinton,Manhattan,,,"DOHMH Irish; 768 9 Avenue, 10019",dohmh-diner-pub
McSorley's Old Ale House,East Village,Manhattan,,,"DOHMH Irish; 15 East 7 Street, 10003",dohmh-diner-pub
"Megan's Bar and Kitchen, Kevin's Pub",Midtown-Midtown South,Manhattan,,,"DOHMH American; 7 West 45 Street, 10036",dohmh-diner-pub
Meller's Sports Hub & Grill,Yorkville,Manhattan,,,"DOHMH American; 1702 2 Avenue, 10128",dohmh-diner-pub
Metro Diner,Upper West Side,Manhattan,,,"DOHMH American; 2641 Broadway, 10025",dohmh-diner-pub
Mister Dips,Battery Park City-Lower Manhattan,Manhattan,,,"DOHMH Hamburgers; 89 South Street, 10038",dohmh-hamburgers
Monte Carlo Diner,East Harlem North,Manhattan,,,"DOHMH American; 2162 2 Avenue, 10029",dohmh-diner-pub
Moonburger,SoHo-TriBeCa-Civic Center-Little Italy,Manhattan,,,"DOHMH Hamburgers; 72 Kenmare Street, 10012",dohmh-hamburgers
Mr. Biggs Bar and Grill,Clinton,Manhattan,,,"DOHMH American; 596 10 Avenue, 10036",dohmh-diner-pub
Murphy's Irish Pub,Turtle Bay-East Midtown,Manhattan,,,"DOHMH Irish; 986 2 Avenue, 10022",dohmh-diner-pub
Murray Hill Diner,Murray Hill-Kips Bay,Manhattan,,,"DOHMH American; 222 Lexington Avenue, 10016",dohmh-diner-pub
Muscle Maker Grill,Clinton,Manhattan,,,"DOHMH American; 695 10 Avenue, 10036",dohmh-diner-pub
Nadc Burger,SoHo-TriBeCa-Civic Center-Little Italy,Manhattan,,,"DOHMH American; 25 Cleveland Place, 10012",dohmh-diner-pub
Nancy Whiskey Pub,SoHo-TriBeCa-Civic Center-Little Italy,Manhattan,,,"DOHMH American; 1 Lispenard Street, 10013",dohmh-diner-pub
New York Burger Co.,Hudson Yards-Chelsea-Flat Iron-Union Square,Manhattan,,,"DOHMH American; 470 West 23 Street, 10011",dohmh-diner-pub
Nomad Diner / Art Nomad,Midtown-Midtown South,Manhattan,,,"DOHMH American; 11 East 31 Street, 10016",dohmh-diner-pub
Old John's Diner,Lincoln Square,Manhattan,,,"DOHMH American; 148 West 67 Street, 10023",dohmh-diner-pub
Orbital Kitchens/ Little Mint/ Crumb/ Dum Poke/ Naka/ Craft Burger/ Lucky Mao/ Wing Box/ Poblano,West Village,Manhattan,,,"DOHMH American; 74 5 Avenue, 10011",dohmh-diner-pub
Orion Diner & Grill,Gramercy,Manhattan,,,"DOHMH American; 395 2 Avenue, 10010",dohmh-diner-pub
P.McDAID'S IRISH PUB,Midtown-Midtown South,Manhattan,,,"DOHMH American; 837 7 Avenue, 10019",dohmh-diner-pub
Park Avenue Tavern,Murray Hill-Kips Bay,Manhattan,,,"DOHMH American; 99 Park Avenue, 10016",dohmh-diner-pub
Parnell's Pub,Turtle Bay-East Midtown,Manhattan,,,"DOHMH Irish; 350 East 53 Street, 10022",dohmh-diner-pub
Pearl Diner,Battery Park City-Lower Manhattan,Manhattan,,,"DOHMH American; 212 Pearl Street, 10038",dohmh-diner-pub
Pete's Tavern,Gramercy,Manhattan,,,"DOHMH American; 129 East 18 Street, 10003",dohmh-diner-pub
Peter Dillon's Pub,Murray Hill-Kips Bay,Manhattan,,,"DOHMH Irish; 130 East 40 Street, 10016",dohmh-diner-pub
Playwright Celtic Pub,Midtown-Midtown South,Manhattan,,,"DOHMH Irish; 732 8 Avenue, 10036",dohmh-diner-pub
Playwright Irish Pub,Midtown-Midtown South,Manhattan,,,"DOHMH Irish; 27 West 35 Street, 10001",dohmh-diner-pub
Polar Pub,Battery Park City-Lower Manhattan,Manhattan,,,"DOHMH American; 185 Greenwich Street, 10007",dohmh-diner-pub
Puffy's Tavern,SoHo-TriBeCa-Civic Center-Little Italy,Manhattan,,,"DOHMH American; 81 Hudson Street, 10013",dohmh-diner-pub
Raven Pub,Lenox Hill-Roosevelt Island,Manhattan,,,"DOHMH American; 1471 1 Avenue, 10075",dohmh-diner-pub
Red Eye Grill,Midtown-Midtown South,Manhattan,,,"DOHMH American; 888 7 Avenue, 10106",dohmh-diner-pub
Reif's Tavern,Yorkville,Manhattan,,,"DOHMH American; 302 East 92 Street, 10128",dohmh-diner-pub
Remedy Diner,Chinatown-Lower East Side,Manhattan,,,"DOHMH American; 245 East Houston Street, 10002",dohmh-diner-pub
Revelie Luncheonette,SoHo-TriBeCa-Civic Center-Little Italy,Manhattan,,,"DOHMH American; 179 Prince Street, 10012",dohmh-diner-pub
Rowland's Bar and Grill,Midtown-Midtown South,Manhattan,,,"DOHMH American; 151 West 34 Street, 10001",dohmh-diner-pub
S & P Cafe and Grill,Central Harlem North-Polo Grounds,Manhattan,,,"DOHMH American; 2252 5 Avenue, 10037",dohmh-diner-pub
Scallywag's Irish Pub & Rest,Clinton,Manhattan,,,"DOHMH Irish; 508 9 Avenue, 10018",dohmh-diner-pub
Schnipper's Quality Kitchen,Midtown-Midtown South,Manhattan,,,"DOHMH Hamburgers; 620 8 Avenue, 10018",dohmh-hamburgers
Sky55 Bar and Grill,Battery Park City-Lower Manhattan,Manhattan,,,"DOHMH American; 55 Water Street, 10041",dohmh-diner-pub
Slattery's Midtown Pub,Murray Hill-Kips Bay,Manhattan,,,"DOHMH American; 8 East 36 Street, 10016",dohmh-diner-pub
Smash House,Midtown-Midtown South,Manhattan,,,"DOHMH Hamburgers; 33 West 47 Street, 10036",dohmh-hamburgers
Smashy Burger,Gramercy,Manhattan,,,"DOHMH American; 42 Union Square East, 10003",dohmh-diner-pub
Smile Burger,Hudson Yards-Chelsea-Flat Iron-Union Square,Manhattan,,,"DOHMH American; 601 West 26 Street, 10001",dohmh-diner-pub
Sonny's Pub,Murray Hill-Kips Bay,Manhattan,,,"DOHMH Irish; 16 East 41 Street, 10017",dohmh-diner-pub
Squire's Diner,Battery Park City-Lower Manhattan,Manhattan,,,"DOHMH American; 80 Beekman Street, 10038",dohmh-diner-pub
St. Patrick's Bar and Grill,Midtown-Midtown South,Manhattan,,,"DOHMH American; 22 West 46 Street, 10036",dohmh-diner-pub
Star on 18th Diner Cafe,Hudson Yards-Chelsea-Flat Iron-Union Square,Manhattan,,,"DOHMH American; 128 10 Avenue, 10011",dohmh-diner-pub
State Grill and Bar,Midtown-Midtown South,Manhattan,,,"DOHMH American; 350 5 Avenue, 10118",dohmh-diner-pub
Stone Street Tavern,Battery Park City-Lower Manhattan,Manhattan,,,"DOHMH American; 85 Pearl Street, 10004",dohmh-diner-pub
Symth Tavern,SoHo-TriBeCa-Civic Center-Little Italy,Manhattan,,,"DOHMH American; 85 West Broadway, 10007",dohmh-diner-pub
Tavern 29,Midtown-Midtown South,Manhattan,,,"DOHMH American; 47 East 29 Street, 10016",dohmh-diner-pub
Tavern on Reade,SoHo-TriBeCa-Civic Center-Little Italy,Manhattan,,,"DOHMH American; 59 Reade Street, 10007",dohmh-diner-pub
Tfs Burger Works,Turtle Bay-East Midtown,Manhattan,,,"DOHMH American; 401 East 50 Street, 10022",dohmh-diner-pub
The Ambassador Grill and Lounge,Turtle Bay-East Midtown,Manhattan,,,"DOHMH American; 1 United Nations Plaza, 10017",dohmh-diner-pub
The Blarney Stone Pub & Restaurant,Midtown-Midtown South,Manhattan,,,"DOHMH American; 410 8 Avenue, 10001",dohmh-diner-pub
The Brazen Tavern,Clinton,Manhattan,,,"DOHMH American; 356 West 44 Street, 10036",dohmh-diner-pub
The Broadway Tavern,Hamilton Heights,Manhattan,,,"DOHMH American; 3493 Broadway, 10031",dohmh-diner-pub
The Capital Grille,Midtown-Midtown South,Manhattan,,,"DOHMH American; 120 West 51 Street, 10019",dohmh-diner-pub
The Comfort Diner,Turtle Bay-East Midtown,Manhattan,,,"DOHMH American; 214 East 45 Street, 10017",dohmh-diner-pub
The Famous Cozy Soup 'n Burger,West Village,Manhattan,,,"DOHMH American; 739 Broadway, 10003",dohmh-diner-pub
The Flame Diner,Clinton,Manhattan,,,"DOHMH American; 893 9 Avenue, 10019",dohmh-diner-pub
The Gem Saloon,Murray Hill-Kips Bay,Manhattan,,,"DOHMH American; 375 3 Avenue, 10016",dohmh-diner-pub
The Landmark Tavern,Clinton,Manhattan,,,"DOHMH Irish; 626 11 Avenue, 10036",dohmh-diner-pub
The Molly Wee Pub,Midtown-Midtown South,Manhattan,,,"DOHMH Irish; 402 8 Avenue, 10001",dohmh-diner-pub
The Regency Bar & Grill / Sant Ambroeus,Upper East Side-Carnegie Hill,Manhattan,,,"DOHMH American; 540 Park Avenue, 10065",dohmh-diner-pub
The Sea Fire Grill,Turtle Bay-East Midtown,Manhattan,,,"DOHMH American; 160 East 48 Street, 10017",dohmh-diner-pub
The Village Tavern,West Village,Manhattan,,,"DOHMH American; 46 Bedford Street, 10014",dohmh-diner-pub
The Yard's Pub,Hudson Yards-Chelsea-Flat Iron-Union Square,Manhattan,,,"DOHMH American; 472 9 Avenue, 10018",dohmh-diner-pub
Third Avenue Ale House,Upper East Side-Carnegie Hill,Manhattan,,,"DOHMH American; 1644 3 Avenue, 10128",dohmh-diner-pub
Tick Tock Diner/ Butcher and the Banker,Hudson Yards-Chelsea-Flat Iron-Union Square,Manhattan,,,"DOHMH American; 481 8 Avenue, 10001",dohmh-diner-pub
Tria Diner,Chinatown-Lower East Side,Manhattan,,,"DOHMH American; 22 Chatham Square, 10038",dohmh-diner-pub
Trump Cafe & Grill,Midtown-Midtown South,Manhattan,,,"DOHMH American; 725 5 Avenue, 10022",dohmh-diner-pub
Utopia Diner,Lincoln Square,Manhattan,,,"DOHMH American; 267 Amsterdam Avenue, 10023",dohmh-diner-pub
Wainwright's Tavern,Upper East Side-Carnegie Hill,Manhattan,,,"DOHMH American; 1278 3 Avenue, 10021",dohmh-diner-pub
Washington Square Diner,West Village,Manhattan,,,"DOHMH American; 150 West 4 Street, 10012",dohmh-diner-pub
Westside Tavern,Hudson Yards-Chelsea-Flat Iron-Union Square,Manhattan,,,"DOHMH American; 360 West 23 Street, 10011",dohmh-diner-pub
Whiskey Tavern,Chinatown-Lower East Side,Manhattan,,,"DOHMH American; 79 Baxter Street, 10013",dohmh-diner-pub
White Oak Tavern,West Village,Manhattan,,,"DOHMH American; 21 Waverly Place, 10003",dohmh-diner-pub
Wogies Bar & Grill,Battery Park City-Lower Manhattan,Manhattan,,,"DOHMH American; 44 Trinity Place, 10006",dohmh-diner-pub
Wolfe Tone's Pub & Kitchen,Midtown-Midtown South,Manhattan,,,"DOHMH Irish; 37 East 29 Street, 10016",dohmh-diner-pub
Wrap n Run Grill,Upper East Side-Carnegie Hill,Manhattan,,,"DOHMH American; 1125 Lexington Avenue, 10075",dohmh-diner-pub
Z-Grill Salad Pizza,Clinton,Manhattan,,,"DOHMH American; 803 8 Avenue, 10019",dohmh-diner-pub
Zafi's Luncheonette,Lower East Side-Alphabet City,Manhattan,,,"DOHMH American; 500 Grand Street, 10002",dohmh-diner-pub
7th Avenue Donuts & Diner,Park Slope-Gowanus,Brooklyn,,,"DOHMH American; 324 7 Avenue, 11215",dohmh-diner-pub
7th Street Burger,Williamsburg,Brooklyn,,,"DOHMH Hamburgers; 177 Bedford Avenue, 11211",dohmh-hamburgers
Affy's Premium Grill,Midwood,Brooklyn,,,"DOHMH American; 1909 Coney Island Avenue, 11230",dohmh-diner-pub
All Star Burgers,Fort Greene,Brooklyn,,,"DOHMH American; 154 Clinton Avenue, 11205",dohmh-diner-pub
Atlantis Diner,Canarsie,Brooklyn,,,"DOHMH American; 8600 Foster Avenue, 11236",dohmh-diner-pub
Bagel Pub,Crown Heights North,Brooklyn,,,"DOHMH American; 775 Franklin Avenue, 11238",dohmh-diner-pub
Banks Tavern,Greenpoint,Brooklyn,,,"DOHMH American; 19 Greenpoint Avenue, 11222",dohmh-diner-pub
Bar Basic,Park Slope-Gowanus,Brooklyn,,,"DOHMH Hamburgers; 71 7 Avenue, 11217",dohmh-hamburgers
Bay Ridge Diner,Bay Ridge,Brooklyn,,,"DOHMH American; 8017 5 Avenue, 11209",dohmh-diner-pub
Bear Burgers,Canarsie,Brooklyn,,,"DOHMH American; 8923 Flatlands Avenue, 11236",dohmh-diner-pub
Best Burger Palace,Crown Heights North,Brooklyn,,,"DOHMH American; 986 Atlantic Avenue, 11238",dohmh-diner-pub
Bhi Thursdays,Homecrest,Brooklyn,,,"DOHMH Hamburgers; 722 Kings Highway, 11223",dohmh-hamburgers
Big John's Coffee Shop & Grill,Sunset Park West,Brooklyn,,,"DOHMH American; 876 4 Avenue, 11232",dohmh-diner-pub
Birdies Hot Chicken / Sydney Burger,East Williamsburg,Brooklyn,,,"DOHMH American; 810 Grand Street, 11211",dohmh-diner-pub
BK Halal Grill,Crown Heights North,Brooklyn,,,"DOHMH American; 619 Nostrand Avenue, 11216",dohmh-diner-pub
Black Horses Tavern,Bensonhurst West,Brooklyn,,,"DOHMH American; 7507 New Utrecht Avenue, 11214",dohmh-diner-pub
Blossom Diner,Bay Ridge,Brooklyn,,,"DOHMH American; 8518 5 Avenue, 11209",dohmh-diner-pub
Blue Collar Burger,Greenpoint,Brooklyn,,,"DOHMH Hamburgers; 704 Manhattan Avenue, 11222",dohmh-hamburgers
Bronze Tavern,DUMBO-Vinegar Hill-Downtown Brooklyn-Boerum Hill,Brooklyn,,,"DOHMH American; 479 Atlantic Avenue, 11217",dohmh-diner-pub
Brooklyn Bangers & Dogs,Park Slope-Gowanus,Brooklyn,,,"DOHMH Hamburgers; 620 Atlantic Avenue, 11217",dohmh-hamburgers
Brooklyn Bridge Diner,DUMBO-Vinegar Hill-Downtown Brooklyn-Boerum Hill,Brooklyn,,,"DOHMH American; 63 Tillary Street, 11201",dohmh-diner-pub
Brooklyn Burgers & Beer,Park Slope-Gowanus,Brooklyn,,,"DOHMH American; 259 5 Avenue, 11215",dohmh-diner-pub
Bull's Eye Sports Pub,Flatlands,Brooklyn,,,"DOHMH American; 2073 Flatbush Avenue, 11234",dohmh-diner-pub
Burger Joint,Sunset Park West,Brooklyn,,,"DOHMH Hamburgers; 220 36 Street, 11232",dohmh-hamburgers
Burger Urway,park-cemetery-etc-Brooklyn,Brooklyn,,,"DOHMH American; 40 Washington Avenue, 11205",dohmh-diner-pub
Burger Village,Park Slope-Gowanus,Brooklyn,,,"DOHMH Hamburgers; 222 7 Avenue, 11215",dohmh-hamburgers
Bushwick Burger Co.,Bushwick North,Brooklyn,,,"DOHMH Hamburgers; 354 Cornelia Street, 11237",dohmh-hamburgers
Captain Dan's Good Time Tavern,Bedford,Brooklyn,,,"DOHMH American; 497 Greene Avenue, 11216",dohmh-diner-pub
Carnegie Diner and Cafe,Stuyvesant Heights,Brooklyn,,,"DOHMH American; 1260 Broadway, 11221",dohmh-diner-pub
Chipotle Mexican Grill,Crown Heights North,Brooklyn,,,"DOHMH American; 1746 Atlantic Avenue, 11213",dohmh-diner-pub
Daisy's Diner,Park Slope-Gowanus,Brooklyn,,,"DOHMH American; 452 5 Avenue, 11215",dohmh-diner-pub
Denny's Pub,Kensington-Ocean Parkway,Brooklyn,,,"DOHMH American; 106 Beverly Road, 11218",dohmh-diner-pub
Dyker Beach Golf,park-cemetery-etc-Brooklyn,Brooklyn,,,"DOHMH American; 1020 86th Street, 11228",dohmh-diner-pub
El Mekkah Bar & Grill,Bushwick North,Brooklyn,,,"DOHMH American; 277 Wyckoff Avenue, 11237",dohmh-diner-pub
Essence Bar & Grill,Crown Heights North,Brooklyn,,,"DOHMH American; 1662 Atlantic Avenue, 11213",dohmh-diner-pub
Farrell's Bar & Grill,Windsor Terrace,Brooklyn,,,"DOHMH American; 215 Prospect Park West, 11215",dohmh-diner-pub
Feeney's Pub,Sunset Park West,Brooklyn,,,"DOHMH American; 6201 5 Avenue, 11220",dohmh-diner-pub
Fifth Ave Diner,Park Slope-Gowanus,Brooklyn,,,"DOHMH American; 432 5 Avenue, 11215",dohmh-diner-pub
Flat Out Burger,Stuyvesant Heights,Brooklyn,,,"DOHMH Hamburgers; 199 Malcolm X Boulevard, 11221",dohmh-hamburgers
Floridian Diner,Flatlands,Brooklyn,,,"DOHMH American; 2301 Flatbush Avenue, 11234",dohmh-diner-pub
Fort Hamilton Diner,Bay Ridge,Brooklyn,,,"DOHMH American; 9502 Fourth Avenue, 11209",dohmh-diner-pub
Fourth Avenue Pub,DUMBO-Vinegar Hill-Downtown Brooklyn-Boerum Hill,Brooklyn,,,"DOHMH American; 76 4 Avenue, 11217",dohmh-diner-pub
Georges Luncheonette,Flatlands,Brooklyn,,,"DOHMH American; 2157 Utica Avenue, 11234",dohmh-diner-pub
Gil's Grill and Deli,Borough Park,Brooklyn,,,"DOHMH American; 3411 14 Avenue, 11218",dohmh-diner-pub
Good Ol Days Diner,Stuyvesant Heights,Brooklyn,,,"DOHMH American; 212 Patchen Avenue, 11233",dohmh-diner-pub
Gourmet Grill,Georgetown-Marine Park-Bergen Beach-Mill Basin,Brooklyn,,,"DOHMH American; 6334 Avenue n, 11234",dohmh-diner-pub
Grand Canyon Diner,Park Slope-Gowanus,Brooklyn,,,"DOHMH American; 179 7 Avenue, 11215",dohmh-diner-pub
Gus' American Grill,Bensonhurst West,Brooklyn,,,"DOHMH American; 7206 New Utrecht Avenue, 11228",dohmh-diner-pub
Ha-Weeda Tavern,Sunset Park West,Brooklyn,,,"DOHMH American; 201 46 Street, 11220",dohmh-diner-pub
Halsey Grill Takeout,Erasmus,Brooklyn,,,"DOHMH American; 2912 Beverley Rd, 11226",dohmh-diner-pub
Hangover Burger,Bensonhurst West,Brooklyn,,,"DOHMH American; 2013 86 Street, 11214",dohmh-diner-pub
Henry Street Ale House,Brooklyn Heights-Cobble Hill,Brooklyn,,,"DOHMH American; 62 Henry Street, 11201",dohmh-diner-pub
Herbie's Burgers,Williamsburg,Brooklyn,,,"DOHMH Hamburgers; 196 Roebling Street, 11211",dohmh-hamburgers
High Life Patty & Juice Bar,Stuyvesant Heights,Brooklyn,,,"DOHMH American; 531 Throop Avenue, 11221",dohmh-diner-pub
Highbury Pub,Flatbush,Brooklyn,,,"DOHMH Irish; 1002 Cortelyou Road, 11218",dohmh-diner-pub
Hilltop Tavern,Windsor Terrace,Brooklyn,,,"DOHMH American; 256 Prospect Park West, 11215",dohmh-diner-pub
Holy Cow Burgers,Crown Heights North,Brooklyn,,,"DOHMH Hamburgers; 1460 Fulton Street, 11216",dohmh-hamburgers
House Bagel & Burger,Borough Park,Brooklyn,,,"DOHMH American; 1070 45 Street, 11219",dohmh-diner-pub
Hunter's Steak & Ale House,Bay Ridge,Brooklyn,,,"DOHMH Steakhouse; 9404 Fourth Avenue, 11209",dohmh-diner-pub
Jalopy Tavern,Carroll Gardens-Columbia Street-Red Hook,Brooklyn,,,"DOHMH American; 317 Columbia Street, 11231",dohmh-diner-pub
Jey Diner,Sunset Park West,Brooklyn,,,"DOHMH American; 721 4 Avenue, 11232",dohmh-diner-pub
Joe's Bar & Grill,Bensonhurst East,Brooklyn,,,"DOHMH American; 257 Avenue U, 11223",dohmh-diner-pub
Kashi Indian Cuisine,DUMBO-Vinegar Hill-Downtown Brooklyn-Boerum Hill,Brooklyn,,,"DOHMH Hamburgers; 33 Bond Street, 11201",dohmh-hamburgers
Kellogg's Diner,Williamsburg,Brooklyn,,,"DOHMH American; 518 Metropolitan Avenue, 11211",dohmh-diner-pub
Kelly's Tavern,Bay Ridge,Brooklyn,,,"DOHMH American; 9259 4 Avenue, 11209",dohmh-diner-pub
Lee's Tavern,Bedford,Brooklyn,,,"DOHMH American; 60 Hancock Street, 11216",dohmh-diner-pub
Lindenwood Diner,East New York,Brooklyn,,,"DOHMH American; 2870 Linden Boulevard, 11208",dohmh-diner-pub
Luana's Tavern,Carroll Gardens-Columbia Street-Red Hook,Brooklyn,,,"DOHMH American; 449 Court Street, 11231",dohmh-diner-pub
Lucky 13 Saloon,Park Slope-Gowanus,Brooklyn,,,"DOHMH American; 644 Sackett Street, 11217",dohmh-diner-pub
Luo's Burgers,Prospect Lefferts Gardens-Wingate,Brooklyn,,,"DOHMH Hamburgers; 668 Flatbush Avenue, 11225",dohmh-hamburgers
Manny's Grill,East Williamsburg,Brooklyn,,,"DOHMH American; 1089 Grand Street, 11211",dohmh-diner-pub
McDonald Avenue Diner,Flatbush,Brooklyn,,,"DOHMH American; 1111 McDonald Avenue, 11230",dohmh-diner-pub
Mex Carroll's Diner,Carroll Gardens-Columbia Street-Red Hook,Brooklyn,,,"DOHMH American; 192 Columbia Street, 11231",dohmh-diner-pub
Mirage Diner,Homecrest,Brooklyn,,,"DOHMH American; 717 Kings Highway, 11223",dohmh-diner-pub
Modelo Bar/ Paisano Burgers/ Junior's Desserts,Park Slope-Gowanus,Brooklyn,,,"DOHMH American; 620 Atlantic Avenue, 11217",dohmh-diner-pub
Montague Diner,Brooklyn Heights-Cobble Hill,Brooklyn,,,"DOHMH American; 148 Montague Street, 11201",dohmh-diner-pub
Mooburger,Carroll Gardens-Columbia Street-Red Hook,Brooklyn,,,"DOHMH American; 240 Court Street, 11201",dohmh-diner-pub
Moody's Coffeehouse & Tavern,Bensonhurst East,Brooklyn,,,"DOHMH American; 214 Highlawn Avenue, 11223",dohmh-diner-pub
Moonburger,Williamsburg,Brooklyn,,,"DOHMH Hamburgers; 126 Bedford Avenue, 11249",dohmh-hamburgers
Mugs Ale House / Rick & Pete's,Williamsburg,Brooklyn,,,"DOHMH Irish; 125 Bedford Avenue, 11211",dohmh-diner-pub
Music Hall of Williamsburg,Williamsburg,Brooklyn,,,"DOHMH American; 66 North 6 Street, 11249",dohmh-diner-pub
My Three Sons Diner,Dyker Heights,Brooklyn,,,"DOHMH American; 6518 11 Avenue, 11219",dohmh-diner-pub
Nature's Grill,Bay Ridge,Brooklyn,,,"DOHMH American; 7417 3 Avenue, 11209",dohmh-diner-pub
Neptune Diner II,Crown Heights North,Brooklyn,,,"DOHMH American; 699 Classon Avenue, 11238",dohmh-diner-pub
New Yobao Beef Burger,Madison,Brooklyn,,,"DOHMH Hamburgers; 1907 Avenue U, 11229",dohmh-hamburgers
Nostrand Avenue Pub,Crown Heights North,Brooklyn,,,"DOHMH American; 658 Nostrand Avenue, 11216",dohmh-diner-pub
"Oasis Diner, Restaurant",Flatlands,Brooklyn,,,"DOHMH American; 2132 Flatbush Avenue, 11234",dohmh-diner-pub
Orbital Kitchens East Williamsburg,East Williamsburg,Brooklyn,,,"DOHMH American; 356 Devoe Street, 11211",dohmh-diner-pub
Paisano North,Park Slope-Gowanus,Brooklyn,,,"DOHMH Hamburgers; 620 Atlantic Avenue, 11217",dohmh-hamburgers
Paisano's / Butcher Burger / Weight Watcher,Park Slope-Gowanus,Brooklyn,,,"DOHMH Hamburgers; 620 Atlantic Avenue, 11217",dohmh-hamburgers
Paisano's Burger,Park Slope-Gowanus,Brooklyn,,,"DOHMH American; 620 Atlantic Avenue, 11217",dohmh-diner-pub
Park Slope Ale House,Park Slope-Gowanus,Brooklyn,,,"DOHMH American; 356 6 Avenue, 11215",dohmh-diner-pub
Pasture Burgers,Flatbush,Brooklyn,,,"DOHMH Hamburgers; 1611 Cortelyou Road, 11226",dohmh-hamburgers
Pc's Bar and Grill,Bay Ridge,Brooklyn,,,"DOHMH American; 7215 5 Avenue, 11209",dohmh-diner-pub
Pizza Bagel Burger,Flatbush,Brooklyn,,,"DOHMH American; 1117 McDonald Avenue, 11230",dohmh-diner-pub
Platan,Bensonhurst East,Brooklyn,,,"DOHMH Hamburgers; 171 Avenue U, 11223",dohmh-hamburgers
Prospect Bar & Grill,Park Slope-Gowanus,Brooklyn,,,"DOHMH American; 545 5 Avenue, 11215",dohmh-diner-pub
Redd's Tavern,Williamsburg,Brooklyn,,,"DOHMH American; 511 Grand Street, 11211",dohmh-diner-pub
Rustik Tavern,Clinton Hill,Brooklyn,,,"DOHMH American; 471 Dekalb Avenue, 11205",dohmh-diner-pub
Shenanigan's Pub,Windsor Terrace,Brooklyn,,,"DOHMH American; 802 Caton Avenue, 11218",dohmh-diner-pub
Sherdor Burgers and Sausages,Homecrest,Brooklyn,,,"DOHMH Hamburgers; 1123 Quentin Road, 11229",dohmh-hamburgers
Silver Light Tavern,Williamsburg,Brooklyn,,,"DOHMH American; 689 Lorimer Street, 11211",dohmh-diner-pub
Slap Burger Brooklyn,Bay Ridge,Brooklyn,,,"DOHMH American; 465 86 Street, 11209",dohmh-diner-pub
Smack Burger,Clinton Hill,Brooklyn,,,"DOHMH Hamburgers; 917 Fulton Street, 11238",dohmh-hamburgers
Smashed,DUMBO-Vinegar Hill-Downtown Brooklyn-Boerum Hill,Brooklyn,,,"DOHMH American; 55 Water Street, 11201",dohmh-diner-pub
Smith's Tavern,Park Slope-Gowanus,Brooklyn,,,"DOHMH Irish; 440 5 Avenue, 11215",dohmh-diner-pub
Soccer Tavern,Sunset Park East,Brooklyn,,,"DOHMH Irish; 6004 8 Avenue, 11220",dohmh-diner-pub
SoHo Cafe & Grill,Kensington-Ocean Parkway,Brooklyn,,,"DOHMH American; 215 Church Avenue, 11218",dohmh-diner-pub
Soup n Burger,Sheepshead Bay-Gerritsen Beach-Manhattan Beach,Brooklyn,,,"DOHMH American; 1825 Emmons Avenue, 11235",dohmh-diner-pub
Sungold / Water Tower Bar / Art Williamsburg / Lobby Bar / Mirror Bar,Williamsburg,Brooklyn,,,"DOHMH American; 96 Wythe Avenue, 11249",dohmh-diner-pub
Sunset Bagels Cafe & Grill,Flatlands,Brooklyn,,,"DOHMH American; 5607 Avenue L, 11234",dohmh-diner-pub
Sunset Diner,Greenpoint,Brooklyn,,,"DOHMH American; 593 Meeker Avenue, 11222",dohmh-diner-pub
Sunset Park Diner & Donuts,Sunset Park East,Brooklyn,,,"DOHMH American; 889 5 Avenue, 11232",dohmh-diner-pub
Sunset Ridge Cafe & Grill,Sunset Park West,Brooklyn,,,"DOHMH American; 475 60 Street, 11220",dohmh-diner-pub
Super Action Burger,East Williamsburg,Brooklyn,,,"DOHMH Hamburgers; 292 Graham Avenue, 11211",dohmh-hamburgers
Teddy's Bar & Grill,Williamsburg,Brooklyn,,,"DOHMH American; 96 Berry Street, 11249",dohmh-diner-pub
The Borough Bar & Grill,Crown Heights North,Brooklyn,,,"DOHMH American; 137 Schenectady Avenue, 11213",dohmh-diner-pub
The Bushwick Diner,Bushwick North,Brooklyn,,,"DOHMH American; 299 Wyckoff Avenue, 11237",dohmh-diner-pub
The Coal Pot Bar Grill,Crown Heights North,Brooklyn,,,"DOHMH American; 1466 Saint Johns Place, 11213",dohmh-diner-pub
The Kent Ale House,Williamsburg,Brooklyn,,,"DOHMH American; 51 Kent Avenue, 11249",dohmh-diner-pub
The New Bridgeview Diner,Bay Ridge,Brooklyn,,,"DOHMH American; 9011 3 Avenue, 11209",dohmh-diner-pub
The Pit Stop,East New York,Brooklyn,,,"DOHMH Hamburgers; 2676 Pitkin Avenue, 11208",dohmh-hamburgers
The Red Doors Bar and Grill,West Brighton,Brooklyn,,,"DOHMH American; 1205 Surf Avenue, 11224",dohmh-diner-pub
Three Decker Diner,Greenpoint,Brooklyn,,,"DOHMH American; 695 Manhattan Avenue, 11222",dohmh-diner-pub
Tommy's Bar & Burger,DUMBO-Vinegar Hill-Downtown Brooklyn-Boerum Hill,Brooklyn,,,"DOHMH American; 57B Pearl Street, 11201",dohmh-diner-pub
Turkey's Nest Tavern,Williamsburg,Brooklyn,,,"DOHMH American; 94 Bedford Avenue, 11249",dohmh-diner-pub
Union Street Pub,Crown Heights South,Brooklyn,,,"DOHMH American; 829 Franklin Avenue, 11225",dohmh-diner-pub
Water Street Tavern,DUMBO-Vinegar Hill-Downtown Brooklyn-Boerum Hill,Brooklyn,,,"DOHMH American; 71 Jay Street, 11201",dohmh-diner-pub
Williamsburg Cinemas,Williamsburg,Brooklyn,,,"DOHMH American; 217 Grand Street, 11211",dohmh-diner-pub
Windy City Ale House,Bay Ridge,Brooklyn,,,"DOHMH American; 7915 3 Avenue, 11209",dohmh-diner-pub
Xo Burgers,Park Slope-Gowanus,Brooklyn,,,"DOHMH American; 437 5 Avenue, 11215",dohmh-diner-pub
Yawdie Q,Flatbush,Brooklyn,,,"DOHMH Hamburgers; 2123 Caton Avenue, 11226",dohmh-hamburgers
Zinger Halal Express,Bensonhurst East,Brooklyn,,,"DOHMH Hamburgers; 262 Kings Highway, 11223",dohmh-hamburgers
21st Street Deli & Indian Grill,Hunters Point-Sunnyside-West Maspeth,Queens,,,"DOHMH American; 43-44 21 Street, 11101",dohmh-diner-pub
57'S All American Grill,Bayside-Bayside Hills,Queens,,,"DOHMH American; 33-45 Francis Lewis Boulevard, 11358",dohmh-diner-pub
786 Peri Peri Grill,Jamaica,Queens,,,"DOHMH American; 182-15 Jamaica Avenue, 11423",dohmh-diner-pub
Affy's Grill,Maspeth,Queens,,,"DOHMH American; 69-67 Grand Avenue, 11378",dohmh-diner-pub
Angelo's Cafe & Grill,College Point,Queens,,,"DOHMH American; 111-05 14 Avenue, 11356",dohmh-diner-pub
Atlantic Diner,Richmond Hill,Queens,,,"DOHMH American; 111-16 Atlantic Avenue, 11419",dohmh-diner-pub
Austin House Diner,Forest Hills,Queens,,,"DOHMH American; 72-04 Austin Street, 11375",dohmh-diner-pub
Austin Street Coffee & Grill,Forest Hills,Queens,,,"DOHMH American; 68-60 Austin Street, 11375",dohmh-diner-pub
Austin's Ale House,Kew Gardens,Queens,,,"DOHMH American; 82-70 Austin Street, 11415",dohmh-diner-pub
Avenita Diner,Briarwood-Jamaica Hills,Queens,,,"DOHMH American; 83-23 Parsons Boulevard, 11432",dohmh-diner-pub
B.b.'s Pub and Grill,Auburndale,Queens,,,"DOHMH American; 171-57 46 Avenue, 11358",dohmh-diner-pub
Bell Diner,Oakland Gardens,Queens,,,"DOHMH American; 215-25 73 Avenue, 11364",dohmh-diner-pub
Best Buds Burgers,Ridgewood,Queens,,,"DOHMH Hamburgers; 59-15 71 Avenue, 11385",dohmh-hamburgers
Blue Bay Diner,Auburndale,Queens,,,"DOHMH American; 58-50 Francis Lewis Boulevard, 11364",dohmh-diner-pub
Breifne Pub,Murray Hill,Queens,,,"DOHMH American; 169-04 Crocheron Avenue, 11358",dohmh-diner-pub
Bridie's Grill Room,Middle Village,Queens,,,"DOHMH American; 64-56 Dry Harbor Road, 11379",dohmh-diner-pub
Brooklyn Diner,,Queens,,,"DOHMH American; HH4L-332 Term B Laguardia Rd, 11371",dohmh-diner-pub
Buccaneer Diner,Jackson Heights,Queens,,,"DOHMH American; 93-01 Astoria Boulevard, 11369",dohmh-diner-pub
Bugging Out 4 Burgers,Springfield Gardens North,Queens,,,"DOHMH American; 134-06 Guy R Brewer Boulevard, 11434",dohmh-diner-pub
Burger City,Ridgewood,Queens,,,"DOHMH Hamburgers; 62-20 Forest Avenue, 11385",dohmh-hamburgers
Burger Queens,East Elmhurst,Queens,,,"DOHMH Hamburgers; 96-19 23 Avenue, 11369",dohmh-hamburgers
C&b Luncheonette,Ridgewood,Queens,,,"DOHMH American; 983 Wyckoff Avenue, 11385",dohmh-diner-pub
Cassidy's Ale House,Jackson Heights,Queens,,,"DOHMH Irish; 75-02 31 Avenue, 11370",dohmh-diner-pub
Chipotle Mexican Grill,Fresh Meadows-Utopia,Queens,,,"DOHMH American; 176-61 Union Turnpike, 11366",dohmh-diner-pub
Citi Field - Grill Stand - Stand 137,,Queens,,,DOHMH American; 000 126th St & Roosevelt Avenue,dohmh-diner-pub
Citi Field Pat Lafrieda/Kosher Grill - Stand 142,,Queens,,,DOHMH American; 126 ST and ROOSEVELT AVENUE,dohmh-diner-pub
Citi Field Porsche Grille,,Queens,,,DOHMH American; 000 126th St & Roosevelt Avenue,dohmh-diner-pub
Cobblestone Pub,Forest Hills,Queens,,,"DOHMH American; 117-18 Queens Boulevard, 11375",dohmh-diner-pub
Crispy Burger,Elmhurst,Queens,,,"DOHMH American; 90-15 Queens Blvd, 11373",dohmh-diner-pub
Crossbay Diner,Lindenwood-Howard Beach,Queens,,,"DOHMH American; 160-31 Crossbay Boulevard, 11414",dohmh-diner-pub
Daly's Pub,Astoria,Queens,,,"DOHMH Irish; 31-86 31 Street, 11106",dohmh-diner-pub
Dillingers Pub & Grill,Astoria,Queens,,,"DOHMH American; 46-19 30 Avenue, 11103",dohmh-diner-pub
Donovan's Pub,Woodside,Queens,,,"DOHMH American; 57-24 Roosevelt Avenue, 11377",dohmh-diner-pub
Dugout Pub,Woodside,Queens,,,"DOHMH Irish; 39-76 61 Street, 11377",dohmh-diner-pub
Emerald Pub,Auburndale,Queens,,,"DOHMH Irish; 183-01 Horace Harding Expressway, 11365",dohmh-diner-pub
Esquire Diner,Ozone Park,Queens,,,"DOHMH American; 105-45 Crossbay Boulevard, 11417",dohmh-diner-pub
Farmers Pizza & Grill,St. Albans,Queens,,,"DOHMH American; 117-25 Farmers Boulevard, 11412",dohmh-diner-pub
Fillmore's Tavern,Pomonok-Flushing Heights-Hillcrest,Queens,,,"DOHMH American; 166-02 65 Avenue, 11365",dohmh-diner-pub
Flaming Grill,Steinway,Queens,,,"DOHMH American; 35-07 Ditmars Boulevard, 11105",dohmh-diner-pub
Flatiron Tavern & Market,East Elmhurst,Queens,,,"DOHMH American; Laguardia Airport, 11369",dohmh-diner-pub
Galo Tavern 18,Glen Oaks-Floral Park-New Hyde Park,Queens,,,"DOHMH American; 265-11 Union Turnpike, 11040",dohmh-diner-pub
Georgia Diner,Elmhurst-Maspeth,Queens,,,"DOHMH American; 80-26 Queens Boulevard, 11373",dohmh-diner-pub
Glen Patrick's Pub,Maspeth,Queens,,,"DOHMH American; 53-73 65 Place, 11378",dohmh-diner-pub
Go Detox Juice Bar Grill,Richmond Hill,Queens,,,"DOHMH American; 88-24 Van Wyck Expressway, 11418",dohmh-diner-pub
Good Company Tavern,Douglas Manor-Douglaston-Little Neck,Queens,,,"DOHMH American; 253-32 Northern Boulevard, 11362",dohmh-diner-pub
Grassy Point Bar & Grill,Breezy Point-Belle Harbor-Rockaway Park-Broad Channel,Queens,,,"DOHMH American; 18-02 Crossbay Boulevard, 11693",dohmh-diner-pub
Hangar 11 Bar & Grill,Kew Gardens,Queens,,,"DOHMH American; 119-11 Metropolitan Avenue, 11415",dohmh-diner-pub
Happy Jacks Burger Bar,Breezy Point-Belle Harbor-Rockaway Park-Broad Channel,Queens,,,"DOHMH American; 108-13 Rockaway Beach Blvd, 11694",dohmh-diner-pub
Healy's Pub,Breezy Point-Belle Harbor-Rockaway Park-Broad Channel,Queens,,,"DOHMH American; 10807 Rockaway Beach Boulevard, 11694",dohmh-diner-pub
Hip Hop Burger NYC,Springfield Gardens North,Queens,,,"DOHMH Hamburgers; 169-75 137 Avenue, 11434",dohmh-hamburgers
Hitit Burger,Bayside-Bayside Hills,Queens,,,"DOHMH Hamburgers; 39-26 Bell Boulevard, 11361",dohmh-hamburgers
Hunt & Fish Grill,,Queens,,,"DOHMH American; LAGUARDIA Airport, 11371",dohmh-diner-pub
Jackson Hole,Steinway,Queens,,,"DOHMH Hamburgers; 69-35 Astoria Boulevard, 11370",dohmh-hamburgers
Kansas Chicken & Burger,St. Albans,Queens,,,"DOHMH American; 205-16 Linden Boulevard, 11412",dohmh-diner-pub
Kellys Pub,Flushing,Queens,,,"DOHMH American; 136-11 41 Avenue, 11355",dohmh-diner-pub
KX Burger & Beyond,Steinway,Queens,,,"DOHMH Hamburgers; 29-04 Ditmars Boulevard, 11105",dohmh-hamburgers
"Laguardia Plaza Hotel, Pavillion Grille",East Elmhurst,Queens,,,"DOHMH American; 104-04 Ditmars Boulevard, 11369",dohmh-diner-pub
Legends Tavern,Jackson Heights,Queens,,,"DOHMH American; 71-04 35 Avenue, 11372",dohmh-diner-pub
Little Diner,Whitestone,Queens,,,"DOHMH American; 16-19 150 Street, 11357",dohmh-diner-pub
Metro Diner,Middle Village,Queens,,,"DOHMH American; 73-24 Metropolitan Avenue, 11379",dohmh-diner-pub
Mike's Tavern,Ozone Park,Queens,,,"DOHMH American; 88-14 Liberty Avenue, 11417",dohmh-diner-pub
MLB &Q Burger,Flushing,Queens,,,"DOHMH Hamburgers; 43-07 Main Street, 11355",dohmh-hamburgers
Moon Cheese,Jackson Heights,Queens,,,"DOHMH Hamburgers; 88-11 31 Avenue, 11369",dohmh-hamburgers
Moonlight Pub,Bellerose,Queens,,,"DOHMH American; 247-77 Jericho Turnpike, 11426",dohmh-diner-pub
Munch,Forest Hills,Queens,,,"DOHMH Hamburgers; 70-19 Austin Street, 11375",dohmh-hamburgers
Myrtle Pub,Ridgewood,Queens,,,"DOHMH American; 56-53 Myrtle Avenue, 11385",dohmh-diner-pub
Nancy Blake's Tavern + Tap,Jackson Heights,Queens,,,"DOHMH Irish; 82-19 Northern Boulevard, 11372",dohmh-diner-pub
Neir's Tavern,Woodhaven,Queens,,,"DOHMH American; 87-48 78 Street, 11421",dohmh-diner-pub
Neptune Diner,Bayside-Bayside Hills,Queens,,,"DOHMH American; 35-01 Bell Boulevard, 11361",dohmh-diner-pub
New York Fried Chicken Shake'n Burger,Jamaica,Queens,,,"DOHMH American; 147-01 Liberty Avenue, 11435",dohmh-diner-pub
New York Grill,Glendale,Queens,,,"DOHMH American; 65-16 Myrtle Avenue, 11385",dohmh-diner-pub
New York Sports Grill,Airport,Queens,,,"DOHMH American; JFK International Airport, 11430",dohmh-diner-pub
North Shore Diner,Auburndale,Queens,,,"DOHMH American; 196-52 Northern Boulevard, 11358",dohmh-diner-pub
Ntk Luncheonette,Glendale,Queens,,,"DOHMH American; 73-09 88 Street, 11385",dohmh-diner-pub
NYC Checker Flag Grill,Maspeth,Queens,,,"DOHMH American; 70-11 Grand Avenue, 11378",dohmh-diner-pub
Paddy's Tavern,East Flushing,Queens,,,"DOHMH Irish; 42-07 162 Street, 11358",dohmh-diner-pub
Palace Grill,Queensbridge-Ravenswood-Long Island City,Queens,,,"DOHMH American; 40-35 21 Street, 11101",dohmh-diner-pub
Parsons Ale House,Kew Gardens Hills,Queens,,,"DOHMH American; 79-08 Parsons Boulevard, 11366",dohmh-diner-pub
Pat LaFrieda's Burgers & Fries,,Queens,,,DOHMH Hamburgers; 000 126th St &Roosevelt Avenue,dohmh-hamburgers
Qdoba Mexican Grill,,Queens,,,DOHMH American; 125 150th Ave,dohmh-diner-pub
Rosie's Roadside Tavern,Maspeth,Queens,,,"DOHMH Irish; 60-65 Flushing Avenue, 11378",dohmh-diner-pub
Roy's Pub,South Ozone Park,Queens,,,"DOHMH American; 111-01 Liberty Avenue, 11419",dohmh-diner-pub
Ryan's Irish Bar & Grill,Oakland Gardens,Queens,,,"DOHMH Hamburgers; 224-07 Union Turnpike, 11364",dohmh-hamburgers
Sean Og's Irish Pub,Woodside,Queens,,,"DOHMH Irish; 60-02 Woodside Avenue, 11377",dohmh-diner-pub
Silver Spoon Diner,Corona,Queens,,,"DOHMH American; 58-21 Junction Boulevard, 11373",dohmh-diner-pub
SLDR Burger Bar,Astoria,Queens,,,"DOHMH Hamburgers; 32-21 Broadway, 11106",dohmh-hamburgers
Smash House,Kew Gardens Hills,Queens,,,"DOHMH Hamburgers; 69-44 Main Street, 11367",dohmh-hamburgers
Springfield Diner,St. Albans,Queens,,,"DOHMH American; 128-13 Merrick Boulevard, 11434",dohmh-diner-pub
Sunrise Diner,East Flushing,Queens,,,"DOHMH American; 45-04 Parsons Boulevard, 11355",dohmh-diner-pub
Supreme Diner,Pomonok-Flushing Heights-Hillcrest,Queens,,,"DOHMH American; 82-65 Parsons Boulevard, 11432",dohmh-diner-pub
Tasty's Diner,Steinway,Queens,,,"DOHMH American; 35-12 Ditmars Boulevard, 11105",dohmh-diner-pub
Tee Dee's Tavern,Glendale,Queens,,,"DOHMH Irish; 64-31 Cooper Avenue, 11385",dohmh-diner-pub
The Astoria Tavern,Steinway,Queens,,,"DOHMH Irish; 33-16 23 Avenue, 11105",dohmh-diner-pub
The City Diner,Maspeth,Queens,,,"DOHMH American; 65-35 Grand Avenue, 11378",dohmh-diner-pub
The Classic Diner,Richmond Hill,Queens,,,"DOHMH American; 117-33 Myrtle Avenue, 11418",dohmh-diner-pub
The Cottage Tavern,Forest Hills,Queens,,,"DOHMH Irish; 108-07 72 Avenue, 11375",dohmh-diner-pub
The Courtyard Ale House,Hunters Point-Sunnyside-West Maspeth,Queens,,,"DOHMH American; 40-18 Queens Boulevard, 11104",dohmh-diner-pub
The Dinerbar,Rego Park,Queens,,,"DOHMH American; 97-45 Queens Boulevard, 11374",dohmh-diner-pub
The Flying Fox Tavern,Ridgewood,Queens,,,"DOHMH American; 678 Woodward Avenue, 11385",dohmh-diner-pub
The Globe Tavern,Hunters Point-Sunnyside-West Maspeth,Queens,,,"DOHMH Irish; 49-10 Skillman Avenue, 11377",dohmh-diner-pub
The Harbor Light Pub,Breezy Point-Belle Harbor-Rockaway Park-Broad Channel,Queens,,,"DOHMH American; 129-18 Newport Avenue, 11694",dohmh-diner-pub
The Meatup Grill,Breezy Point-Belle Harbor-Rockaway Park-Broad Channel,Queens,,,"DOHMH American; 165 Beach 116 Street, 11694",dohmh-diner-pub
The Quays Irish Pub,Astoria,Queens,,,"DOHMH Irish; 45-02 30 Avenue, 11103",dohmh-diner-pub
The Rail Bar & Grill,Lindenwood-Howard Beach,Queens,,,"DOHMH American; 2 Coleman Square, 11414",dohmh-diner-pub
The Shillelagh Tavern,Astoria,Queens,,,"DOHMH Irish; 47-22 30 Avenue, 11103",dohmh-diner-pub
The Village Saloon,Middle Village,Queens,,,"DOHMH American; 82-11 Eliot Avenue, 11379",dohmh-diner-pub
Tost & Grill,Queensboro Hill,Queens,,,"DOHMH American; 60-10 Kissena Boulevard, 11355",dohmh-diner-pub
True Burger,Airport,Queens,,,"DOHMH Hamburgers; JFK International Airport, 11430",dohmh-hamburgers
Uncle Bill's Diner,Flushing,Queens,,,"DOHMH American; 30-17 Stratton Street, 11354",dohmh-diner-pub
Village Diner,Kew Gardens,Queens,,,"DOHMH American; 81-74 Lefferts Boulevard, 11415",dohmh-diner-pub
VIP Grill,Glen Oaks-Floral Park-New Hyde Park,Queens,,,"DOHMH American; 272-40 Grand Central Parkway, 11005",dohmh-diner-pub
Walsh's Pub,Ridgewood,Queens,,,"DOHMH Irish; 68-67 Fresh Pond Road, 11385",dohmh-diner-pub
Wharf Bar and Grill,Breezy Point-Belle Harbor-Rockaway Park-Broad Channel,Queens,,,"DOHMH American; 416 Beach 116 Street, 11694",dohmh-diner-pub
Whitepoint Diner,Whitestone,Queens,,,"DOHMH American; 132-09 14 Avenue, 11356",dohmh-diner-pub
Whitestone Diner,Whitestone,Queens,,,"DOHMH American; 149-21 14 Avenue, 11357",dohmh-diner-pub
Willows Tavern,Ridgewood,Queens,,,"DOHMH American; 64-18 Fresh Pond Road, 11385",dohmh-diner-pub
Windsor Park Patio Grill,Oakland Gardens,Queens,,,"DOHMH American; 213-05 75 Avenue, 11364",dohmh-diner-pub
Yards Bar & Grill,Hunters Point-Sunnyside-West Maspeth,Queens,,,"DOHMH American; 26-32 Skillman Avenue, 11101",dohmh-diner-pub
Yer Man's Irish Pub,Glendale,Queens,,,"DOHMH Irish; 70-26 88 Street, 11385",dohmh-diner-pub
7th Street Burger,Melrose South-Mott Haven North,Bronx,,,"DOHMH Hamburgers; 396 East 149 Street, 10455",dohmh-hamburgers
Agua E' Coco Bar & Grill,Schuylerville-Throgs Neck-Edgewater Park,Bronx,,,"DOHMH American; 3132 East Tremont Avenue, 10461",dohmh-diner-pub
Brewski's Bar & Grill,Schuylerville-Throgs Neck-Edgewater Park,Bronx,,,"DOHMH American; 3718 East Tremont Avenue, 10465",dohmh-diner-pub
Bronx Burger Company,Woodlawn-Wakefield,Bronx,,,"DOHMH Hamburgers; 4713 White Plains Road, 10470",dohmh-hamburgers
Capitol Diner,Norwood,Bronx,,,"DOHMH American; 310 East 204 Street, 10467",dohmh-diner-pub
Corky's Diner,Bedford Park-Fordham North,Bronx,,,"DOHMH American; 2535 Grand Concourse, 10468",dohmh-diner-pub
Credit Life Bar & Grill,Highbridge,Bronx,,,"DOHMH American; 1275 Edward L Grant Highway, 10452",dohmh-diner-pub
Crosstown Diner,Schuylerville-Throgs Neck-Edgewater Park,Bronx,,,"DOHMH American; 2880 Bruckner Boulevard, 10465",dohmh-diner-pub
Cullen's Tavern,Woodlawn-Wakefield,Bronx,,,"DOHMH American; 4340 White Plains Road, 10466",dohmh-diner-pub
Daves Smash Burgers,Pelham Bay-Country Club-City Island,Bronx,,,"DOHMH American; 3009 Westchester Avenue, 10461",dohmh-diner-pub
Downey's Bar & Grill,North Riverdale-Fieldston-Riverdale,Bronx,,,"DOHMH American; 5790 Mosholu Avenue, 10471",dohmh-diner-pub
Dyre Avenue Diner,Eastchester-Edenwald-Baychester,Bronx,,,"DOHMH American; 3803 Dyre Avenue, 10466",dohmh-diner-pub
Ellie's Diner & Restaurant,Parkchester,Bronx,,,"DOHMH American; 58 Metropolitan Oval, 10462",dohmh-diner-pub
George's Diner & Cafe,Westchester-Unionport,Bronx,,,"DOHMH American; 2369 Westchester Avenue, 10462",dohmh-diner-pub
Ginbo's Hamburger House,West Concourse,Bronx,,,"DOHMH Hamburgers; 118 East 170 Street, 10452",dohmh-hamburgers
Glacks Bar and Grill,West Concourse,Bronx,,,"DOHMH American; 135 East 149 Street, 10451",dohmh-diner-pub
Glen Roy Bar and Grill,West Concourse,Bronx,,,"DOHMH American; 145 East 149 Street, 10451",dohmh-diner-pub
Howl at the Moon Bar & Grill,Belmont,Bronx,,,"DOHMH American; 585 East 189 Street, 10458",dohmh-diner-pub
Hudson Garden Grill,park-cemetery-etc-Bronx,Bronx,,,"DOHMH American; 2900 Southern Boulevard, 10458",dohmh-diner-pub
Jimbo's Hamburger Palace,Soundview-Castle Hill-Clason Point-Harding Park,Bronx,,,"DOHMH Hamburgers; 912 Soundview Avenue, 10473",dohmh-hamburgers
Jimbo's Hamburger Place,Melrose South-Mott Haven North,Bronx,,,"DOHMH Hamburgers; 690 Melrose Avenue, 10455",dohmh-hamburgers
Jimbo's Hamburgers,Mott Haven-Port Morris,Bronx,,,"DOHMH Hamburgers; 228 Willis Avenue, 10454",dohmh-hamburgers
John Mulligan's Fireside Pub,Woodlawn-Wakefield,Bronx,,,"DOHMH Irish; 4272 Katonah Avenue, 10470",dohmh-diner-pub
John's Luncheonette,Norwood,Bronx,,,"DOHMH American; 331 East Gun Hill Road, 10467",dohmh-diner-pub
Johnson Diner,Spuyten Duyvil-Kingsbridge,Bronx,,,"DOHMH American; 3533 Johnson Avenue, 10463",dohmh-diner-pub
Jp Kelly's Pub,Woodlawn-Wakefield,Bronx,,,"DOHMH Irish; 23 East 233 Street, 10470",dohmh-diner-pub
Js Perry's Diner,Melrose South-Mott Haven North,Bronx,,,"DOHMH American; 2783 3 Avenue, 10455",dohmh-diner-pub
Just One Tavern,Woodlawn-Wakefield,Bronx,,,"DOHMH Irish; 4279 Katonah Avenue, 10470",dohmh-diner-pub
Kennedy Chicken and Sandwhich,West Concourse,Bronx,,,"DOHMH Hamburgers; 101 E 167th St, 10452",dohmh-hamburgers
Legendary Bar & Grill,Schuylerville-Throgs Neck-Edgewater Park,Bronx,,,"DOHMH American; 3513 East Tremont Avenue, 10465",dohmh-diner-pub
Liberty Diner,Pelham Parkway,Bronx,,,"DOHMH American; 2059 Williamsbridge Road, 10461",dohmh-diner-pub
McDermott's Pub,Van Nest-Morris Park-Westchester Square,Bronx,,,"DOHMH American; 2634 East Tremont Avenue, 10461",dohmh-diner-pub
Muscle Maker Grill,Schuylerville-Throgs Neck-Edgewater Park,Bronx,,,"DOHMH American; 4041 East Tremont Avenue, 10465",dohmh-diner-pub
National Burger House,Claremont-Bathgate,Bronx,,,"DOHMH American; 470 East Tremont Avenue, 10457",dohmh-diner-pub
National Diner,Westchester-Unionport,Bronx,,,"DOHMH American; 135 Westchester Square, 10461",dohmh-diner-pub
Orchard Beach Grill,park-cemetery-etc-Bronx,Bronx,,,"DOHMH American; 1 Orchard Beach Road, 10464",dohmh-diner-pub
Shore Haven Diner,Soundview-Castle Hill-Clason Point-Harding Park,Bronx,,,"DOHMH American; 622 Castle Hill Avenue, 10473",dohmh-diner-pub
Skyview Diner,Westchester-Unionport,Bronx,,,"DOHMH American; 2365 Westchester Avenue, 10462",dohmh-diner-pub
Slap Burger,West Concourse,Bronx,,,"DOHMH Hamburgers; 86 East 161 Street, 10451",dohmh-hamburgers
Slaps Burger,Melrose South-Mott Haven North,Bronx,,,"DOHMH American; 341 East 149 Street, 10451",dohmh-diner-pub
The Hideout Tavern,Woodlawn-Wakefield,Bronx,,,"DOHMH Irish; 143 East 233 Street, 10470",dohmh-diner-pub
Tibbett Diner,Spuyten Duyvil-Kingsbridge,Bronx,,,"DOHMH American; 3033 Tibbett Avenue, 10463",dohmh-diner-pub
Tiny's Diner,Spuyten Duyvil-Kingsbridge,Bronx,,,"DOHMH American; 3603 Riverdale Avenue, 10463",dohmh-diner-pub
Tremont Diner,Schuylerville-Throgs Neck-Edgewater Park,Bronx,,,"DOHMH American; 3007 East Tremont Avenue, 10461",dohmh-diner-pub
White Cross Fishing Club Bar & Grill,Schuylerville-Throgs Neck-Edgewater Park,Bronx,,,"DOHMH American; 750 Clarence Avenue, 10465",dohmh-diner-pub
Yankee Tavern,West Concourse,Bronx,,,"DOHMH American; 72 East 161 Street, 10451",dohmh-diner-pub
Yo-Burger,Spuyten Duyvil-Kingsbridge,Bronx,,,"DOHMH American; 3726 Riverdale Avenue, 10463",dohmh-diner-pub
98 K Fried Chicken & Sandwiches,New Dorp-Midland Beach,Staten Island,,,"DOHMH Hamburgers; 357A New Dorp Lane, 10306",dohmh-hamburgers
Bagel Bistro & Diner,Westerleigh,Staten Island,,,"DOHMH American; 1810 Victory Boulevard, 10314",dohmh-diner-pub
Bay Street Tavern-Danny Blaine's,Stapleton-Rosebank,Staten Island,,,"DOHMH American; 1384 Bay Street, 10305",dohmh-diner-pub
Boardwalk Grill,Old Town-Dongan Hills-South Beach,Staten Island,,,"DOHMH American; 280 Father Capodanno Boulevard, 10305",dohmh-diner-pub
Boulevard Tavern,Great Kills,Staten Island,,,"DOHMH American; 4263 Hylan Boulevard, 10312",dohmh-diner-pub
Colonnade Diner,New Dorp-Midland Beach,Staten Island,,,"DOHMH American; 2001 Hylan Boulevard, 10306",dohmh-diner-pub
Eltingville Diner,Annadale-Huguenot-Prince's Bay-Eltingville,Staten Island,,,"DOHMH American; 3954 Richmond Avenue, 10312",dohmh-diner-pub
Golden Dove Diner,Great Kills,Staten Island,,,"DOHMH American; 3281 Richmond Avenue, 10312",dohmh-diner-pub
Hylan Diner,New Dorp-Midland Beach,Staten Island,,,"DOHMH American; 2561 Hylan Boulevard, 10306",dohmh-diner-pub
Island Social Bar & Grill,Great Kills,Staten Island,,,"DOHMH American; 4060 Hylan Boulevard, 10308",dohmh-diner-pub
Jd's Tavern,Great Kills,Staten Island,,,"DOHMH American; 3932 Amboy Road, 10308",dohmh-diner-pub
Lacey's Bridge Tavern,Port Richmond,Staten Island,,,"DOHMH American; 75 Innis Street, 10302",dohmh-diner-pub
Lorenzos Bar & Grill,New Springville-Bloomfield-Travis,Staten Island,,,"DOHMH American; 1100 South Avenue, 10314",dohmh-diner-pub
Mike's Dakota Diner,Mariner's Harbor-Arlington-Port Ivory-Graniteville,Staten Island,,,"DOHMH American; 921 Richmond Avenue, 10314",dohmh-diner-pub
Mike's Oakwood Diner,Great Kills,Staten Island,,,"DOHMH American; 3161 Amboy Road, 10306",dohmh-diner-pub
Mike's Unicorn Diner,New Springville-Bloomfield-Travis,Staten Island,,,"DOHMH American; 2944 Victory Boulevard, 10314",dohmh-diner-pub
Mikes Olympic Grill,Port Richmond,Staten Island,,,"DOHMH American; 1637 Forest Avenue, 10302",dohmh-diner-pub
Mother Pugs Saloon,Westerleigh,Staten Island,,,"DOHMH American; 1371 Forest Avenue, 10302",dohmh-diner-pub
Nature's Grill Cafe,Great Kills,Staten Island,,,"DOHMH American; 4115 Hylan Boulevard, 10308",dohmh-diner-pub
Page Plaza Diner,Charleston-Richmond Valley-Tottenville,Staten Island,,,"DOHMH American; 75 Page Avenue, 10309",dohmh-diner-pub
"Staten Island Ferry Hawks - Hawk City Burger w/ Taste of NY, Dippin' Dots, & Hawk City Creamery",West New Brighton-New Brighton-St. George,Staten Island,,,"DOHMH American; 75 Richmond Terrace, 10301",dohmh-diner-pub
The Buttery,Westerleigh,Staten Island,,,"DOHMH Hamburgers; 1761 Victory Boulevard, 10314",dohmh-hamburgers
The Grant City Tavern,,Staten Island,,,DOHMH American; 132 Freemont Avenue,dohmh-diner-pub
The Point Tavern,West New Brighton-New Brighton-St. George,Staten Island,,,"DOHMH American; 879 Forest Avenue, 10310",dohmh-diner-pub
The Rock House Bar & Grill,Annadale-Huguenot-Prince's Bay-Eltingville,Staten Island,,,"DOHMH American; 507 Seguine Avenue, 10309",dohmh-diner-pub
Uncle Sal's Burgers and Wings/Uncle Louie G Italian Ices and Ice Cream,Charleston-Richmond Valley-Tottenville,Staten Island,,,"DOHMH American; 45 Page Avenue, 10309",dohmh-diner-pub
Woodrow Diner,Rossville-Woodrow,Staten Island,,,"DOHMH American; 655 Rossville Avenue, 10309",dohmh-diner-pub
Z-Two Diner & Lounge,Charleston-Richmond Valley-Tottenville,Staten Island,,,"DOHMH American; 2925 Veterans Road West, 10309",dohmh-diner-pub
